[
{
  "model": "auth.permission",
  "pk": 1,
  "fields": {
    "name": "Can add log entry",
    "content_type": 1,
    "codename": "add_logentry"
  }
},
{
  "model": "auth.permission",
  "pk": 2,
  "fields": {
    "name": "Can change log entry",
    "content_type": 1,
    "codename": "change_logentry"
  }
},
{
  "model": "auth.permission",
  "pk": 3,
  "fields": {
    "name": "Can delete log entry",
    "content_type": 1,
    "codename": "delete_logentry"
  }
},
{
  "model": "auth.permission",
  "pk": 4,
  "fields": {
    "name": "Can view log entry",
    "content_type": 1,
    "codename": "view_logentry"
  }
},
{
  "model": "auth.permission",
  "pk": 5,
  "fields": {
    "name": "Can add permission",
    "content_type": 2,
    "codename": "add_permission"
  }
},
{
  "model": "auth.permission",
  "pk": 6,
  "fields": {
    "name": "Can change permission",
    "content_type": 2,
    "codename": "change_permission"
  }
},
{
  "model": "auth.permission",
  "pk": 7,
  "fields": {
    "name": "Can delete permission",
    "content_type": 2,
    "codename": "delete_permission"
  }
},
{
  "model": "auth.permission",
  "pk": 8,
  "fields": {
    "name": "Can view permission",
    "content_type": 2,
    "codename": "view_permission"
  }
},
{
  "model": "auth.permission",
  "pk": 9,
  "fields": {
    "name": "Can add group",
    "content_type": 3,
    "codename": "add_group"
  }
},
{
  "model": "auth.permission",
  "pk": 10,
  "fields": {
    "name": "Can change group",
    "content_type": 3,
    "codename": "change_group"
  }
},
{
  "model": "auth.permission",
  "pk": 11,
  "fields": {
    "name": "Can delete group",
    "content_type": 3,
    "codename": "delete_group"
  }
},
{
  "model": "auth.permission",
  "pk": 12,
  "fields": {
    "name": "Can view group",
    "content_type": 3,
    "codename": "view_group"
  }
},
{
  "model": "auth.permission",
  "pk": 13,
  "fields": {
    "name": "Can add user",
    "content_type": 4,
    "codename": "add_user"
  }
},
{
  "model": "auth.permission",
  "pk": 14,
  "fields": {
    "name": "Can change user",
    "content_type": 4,
    "codename": "change_user"
  }
},
{
  "model": "auth.permission",
  "pk": 15,
  "fields": {
    "name": "Can delete user",
    "content_type": 4,
    "codename": "delete_user"
  }
},
{
  "model": "auth.permission",
  "pk": 16,
  "fields": {
    "name": "Can view user",
    "content_type": 4,
    "codename": "view_user"
  }
},
{
  "model": "auth.permission",
  "pk": 17,
  "fields": {
    "name": "Can add content type",
    "content_type": 5,
    "codename": "add_contenttype"
  }
},
{
  "model": "auth.permission",
  "pk": 18,
  "fields": {
    "name": "Can change content type",
    "content_type": 5,
    "codename": "change_contenttype"
  }
},
{
  "model": "auth.permission",
  "pk": 19,
  "fields": {
    "name": "Can delete content type",
    "content_type": 5,
    "codename": "delete_contenttype"
  }
},
{
  "model": "auth.permission",
  "pk": 20,
  "fields": {
    "name": "Can view content type",
    "content_type": 5,
    "codename": "view_contenttype"
  }
},
{
  "model": "auth.permission",
  "pk": 21,
  "fields": {
    "name": "Can add session",
    "content_type": 6,
    "codename": "add_session"
  }
},
{
  "model": "auth.permission",
  "pk": 22,
  "fields": {
    "name": "Can change session",
    "content_type": 6,
    "codename": "change_session"
  }
},
{
  "model": "auth.permission",
  "pk": 23,
  "fields": {
    "name": "Can delete session",
    "content_type": 6,
    "codename": "delete_session"
  }
},
{
  "model": "auth.permission",
  "pk": 24,
  "fields": {
    "name": "Can view session",
    "content_type": 6,
    "codename": "view_session"
  }
},
{
  "model": "auth.permission",
  "pk": 25,
  "fields": {
    "name": "Can add cliente",
    "content_type": 7,
    "codename": "add_cliente"
  }
},
{
  "model": "auth.permission",
  "pk": 26,
  "fields": {
    "name": "Can change cliente",
    "content_type": 7,
    "codename": "change_cliente"
  }
},
{
  "model": "auth.permission",
  "pk": 27,
  "fields": {
    "name": "Can delete cliente",
    "content_type": 7,
    "codename": "delete_cliente"
  }
},
{
  "model": "auth.permission",
  "pk": 28,
  "fields": {
    "name": "Can view cliente",
    "content_type": 7,
    "codename": "view_cliente"
  }
},
{
  "model": "auth.permission",
  "pk": 29,
  "fields": {
    "name": "Can add endereco",
    "content_type": 8,
    "codename": "add_endereco"
  }
},
{
  "model": "auth.permission",
  "pk": 30,
  "fields": {
    "name": "Can change endereco",
    "content_type": 8,
    "codename": "change_endereco"
  }
},
{
  "model": "auth.permission",
  "pk": 31,
  "fields": {
    "name": "Can delete endereco",
    "content_type": 8,
    "codename": "delete_endereco"
  }
},
{
  "model": "auth.permission",
  "pk": 32,
  "fields": {
    "name": "Can view endereco",
    "content_type": 8,
    "codename": "view_endereco"
  }
},
{
  "model": "auth.permission",
  "pk": 33,
  "fields": {
    "name": "Can add pedido",
    "content_type": 9,
    "codename": "add_pedido"
  }
},
{
  "model": "auth.permission",
  "pk": 34,
  "fields": {
    "name": "Can change pedido",
    "content_type": 9,
    "codename": "change_pedido"
  }
},
{
  "model": "auth.permission",
  "pk": 35,
  "fields": {
    "name": "Can delete pedido",
    "content_type": 9,
    "codename": "delete_pedido"
  }
},
{
  "model": "auth.permission",
  "pk": 36,
  "fields": {
    "name": "Can view pedido",
    "content_type": 9,
    "codename": "view_pedido"
  }
},
{
  "model": "auth.permission",
  "pk": 37,
  "fields": {
    "name": "Can add produto",
    "content_type": 10,
    "codename": "add_produto"
  }
},
{
  "model": "auth.permission",
  "pk": 38,
  "fields": {
    "name": "Can change produto",
    "content_type": 10,
    "codename": "change_produto"
  }
},
{
  "model": "auth.permission",
  "pk": 39,
  "fields": {
    "name": "Can delete produto",
    "content_type": 10,
    "codename": "delete_produto"
  }
},
{
  "model": "auth.permission",
  "pk": 40,
  "fields": {
    "name": "Can view produto",
    "content_type": 10,
    "codename": "view_produto"
  }
},
{
  "model": "contenttypes.contenttype",
  "pk": 1,
  "fields": {
    "app_label": "admin",
    "model": "logentry"
  }
},
{
  "model": "contenttypes.contenttype",
  "pk": 2,
  "fields": {
    "app_label": "auth",
    "model": "permission"
  }
},
{
  "model": "contenttypes.contenttype",
  "pk": 3,
  "fields": {
    "app_label": "auth",
    "model": "group"
  }
},
{
  "model": "contenttypes.contenttype",
  "pk": 4,
  "fields": {
    "app_label": "auth",
    "model": "user"
  }
},
{
  "model": "contenttypes.contenttype",
  "pk": 5,
  "fields": {
    "app_label": "contenttypes",
    "model": "contenttype"
  }
},
{
  "model": "contenttypes.contenttype",
  "pk": 6,
  "fields": {
    "app_label": "sessions",
    "model": "session"
  }
},
{
  "model": "contenttypes.contenttype",
  "pk": 7,
  "fields": {
    "app_label": "clientes",
    "model": "cliente"
  }
},
{
  "model": "contenttypes.contenttype",
  "pk": 8,
  "fields": {
    "app_label": "clientes",
    "model": "endereco"
  }
},
{
  "model": "contenttypes.contenttype",
  "pk": 9,
  "fields": {
    "app_label": "clientes",
    "model": "pedido"
  }
},
{
  "model": "contenttypes.contenttype",
  "pk": 10,
  "fields": {
    "app_label": "clientes",
    "model": "produto"
  }
},
{
  "model": "clientes.endereco",
  "pk": 2,
  "fields": {
    "rua": "1",
    "numero": 1,
    "complemento": "1",
    "bairro": "1",
    "cidade": "1",
    "pais": "1"
  }
},
{
  "model": "clientes.endereco",
  "pk": 3,
  "fields": {
    "rua": "212313",
    "numero": 2,
    "complemento": "2",
    "bairro": "2",
    "cidade": "2",
    "pais": "2"
  }
},
{
  "model": "clientes.endereco",
  "pk": 5,
  "fields": {
    "rua": "thpJpoYpgsUgGqRcqvno",
    "numero": 7396,
    "complemento": "qdgfPEIidekCljyqSCfd",
    "bairro": "VumOriajCWDzoifxXloR",
    "cidade": "AekIvuJYBEivzIkfwRgF",
    "pais": "nHXkQpcqxJlxgowQscIQ"
  }
},
{
  "model": "clientes.endereco",
  "pk": 6,
  "fields": {
    "rua": "iPQOzNWNToviuKqGyvvE",
    "numero": 284,
    "complemento": "FivZGDbRtegGDCkJSCQu",
    "bairro": "tjUFBxCFuGOVGizbaBfh",
    "cidade": "qRNBozamocZwxelNmoHn",
    "pais": "RbxsUhnomsVpIyGEoyAl"
  }
},
{
  "model": "clientes.endereco",
  "pk": 7,
  "fields": {
    "rua": "fRyfxXcmdJjVxGUMZfIV",
    "numero": 6960,
    "complemento": "aRMEJAZgIkEooagqSgRH",
    "bairro": "CejBaMtXpMMHhgtGTthv",
    "cidade": "dbCMhNjJMgzPDxkJXYFH",
    "pais": "RtuZNkRXnzRPvwWLJBhT"
  }
},
{
  "model": "clientes.endereco",
  "pk": 8,
  "fields": {
    "rua": "ahubKtzsviClFmorHYzv",
    "numero": 9449,
    "complemento": "GIDoAKONcMrRDfxhzgoq",
    "bairro": "ofpLKgMKtnwgOEvyITmz",
    "cidade": "KEyYjFdxWpufujPXrIqa",
    "pais": "AoFsaXudOxkVyOwiligC"
  }
},
{
  "model": "clientes.endereco",
  "pk": 9,
  "fields": {
    "rua": "lhFdznWYEmhYZshdGUgO",
    "numero": 8446,
    "complemento": "kHvxcrAHWClLzNGEVdyB",
    "bairro": "qOKNHfaVlqtkXXtAdnzx",
    "cidade": "BypqkAQIAvRZvyrITkmr",
    "pais": "oFcUnrBHpsQBEkAYzyia"
  }
},
{
  "model": "clientes.endereco",
  "pk": 10,
  "fields": {
    "rua": "zajZlXnmjiloiUebvvoI",
    "numero": 1559,
    "complemento": "FazXTzGtrabbjLCIuRPM",
    "bairro": "gRBQGEmGLBorduPDZSLV",
    "cidade": "LNIOJGGLqwKeEmTUWnwY",
    "pais": "lXYUaiMyRiSzMnetFRyr"
  }
},
{
  "model": "clientes.endereco",
  "pk": 11,
  "fields": {
    "rua": "FAfuYJAIGuLvnLnVRkLC",
    "numero": 750,
    "complemento": "IcwxgHqWcklpCwalztKG",
    "bairro": "RjdAtEPAWgJIbVelJrpj",
    "cidade": "KizAwEREmlpiVNvsjUte",
    "pais": "ZWZRjcAblQPNhFhjXWGe"
  }
},
{
  "model": "clientes.endereco",
  "pk": 12,
  "fields": {
    "rua": "rODrroWfhcTXqUQftYAM",
    "numero": 9623,
    "complemento": "JnYPMLTDORakOlhZbomU",
    "bairro": "oaDCLXsMyJFMYfRcNYeM",
    "cidade": "QhBjRtHRMmlfrwumLVnD",
    "pais": "FqbOmBKpZZhkwkqvFkWk"
  }
},
{
  "model": "clientes.endereco",
  "pk": 13,
  "fields": {
    "rua": "xefkjgWdxhOoOTjchyKr",
    "numero": 361,
    "complemento": "jATpgbZASKGEXpRIbBbm",
    "bairro": "rXknJPaMtEwDjjyscJqA",
    "cidade": "geDJbPhZbxbYTKFovojn",
    "pais": "ScFNILVBEgCVeboyyrkm"
  }
},
{
  "model": "clientes.endereco",
  "pk": 14,
  "fields": {
    "rua": "bLgyKfrrWAUAhNoZRPgj",
    "numero": 5659,
    "complemento": "JCSgBkbGYSOGCMpYFQKU",
    "bairro": "EieyIITdGRILbONgQuuZ",
    "cidade": "tyjMktunIcjUqyNDfUuW",
    "pais": "dmrGmizaQFSEkrEjMDfM"
  }
},
{
  "model": "clientes.endereco",
  "pk": 15,
  "fields": {
    "rua": "fYbLhNQaLlEkzngnZZkZ",
    "numero": 6257,
    "complemento": "bZLihtBUffqTpwqdPWxi",
    "bairro": "mXaCudCIqqHYutVzfiNW",
    "cidade": "OxHwtlyzFxUJhaWXlhKI",
    "pais": "lIEQQpAOgOAVIlMgmjvp"
  }
},
{
  "model": "clientes.endereco",
  "pk": 16,
  "fields": {
    "rua": "cbimwTjvkXrMQvsUjrfo",
    "numero": 2694,
    "complemento": "TeJdPBCrQPAaCQNjAFHz",
    "bairro": "qKpUJFIJXvCqkLhmvATb",
    "cidade": "LDFkroCeKBUgCdNVqNMz",
    "pais": "FAkXbaXrCRRURJzZbkWW"
  }
},
{
  "model": "clientes.endereco",
  "pk": 17,
  "fields": {
    "rua": "YgVJtwEptOfRbxOjeFml",
    "numero": 5266,
    "complemento": "plaVBeGdFOTCMnsfXxWA",
    "bairro": "fbfTWPJcPCbcZHacGUum",
    "cidade": "TIAlUPJKzoPjcFjiAKKK",
    "pais": "cojGojUlptGLJZLqXvuM"
  }
},
{
  "model": "clientes.endereco",
  "pk": 18,
  "fields": {
    "rua": "ugpCflHnaaUkZvBKTpJf",
    "numero": 6020,
    "complemento": "emPiKhzkXkgwGQUwNWkd",
    "bairro": "DRWTMEhQDjVxjxOYrLiX",
    "cidade": "NOzBzFCuMEtTBSEfIpDV",
    "pais": "qeaDHrkfgpyKPhepyDTF"
  }
},
{
  "model": "clientes.endereco",
  "pk": 19,
  "fields": {
    "rua": "tWyFvVGFlnCJtzqBtNwX",
    "numero": 1989,
    "complemento": "ClEyuXpONexgqXgCJdbN",
    "bairro": "RKhNbirUYhhoOJRwXuZE",
    "cidade": "tUMKkTTwtaNDKUymnxTu",
    "pais": "HjeeAAnxeOtmsiIjLnxR"
  }
},
{
  "model": "clientes.endereco",
  "pk": 20,
  "fields": {
    "rua": "fIpyysukoyBMXvlcCZlY",
    "numero": 7930,
    "complemento": "pTZThhPCkhPiVfSDlOIm",
    "bairro": "drzLWfQrzwWZruEctNDi",
    "cidade": "excLPtYfRpygagbMjpPu",
    "pais": "JvUEtPxWUZUaDhiWCULd"
  }
},
{
  "model": "clientes.endereco",
  "pk": 21,
  "fields": {
    "rua": "glBfFyNmxLKSnMnQYvzN",
    "numero": 4421,
    "complemento": "sYGgXJmnyEZGQGohlJre",
    "bairro": "lLpljeKkyVrwnWeiQLpM",
    "cidade": "siJjyuACAQiwEGPvyGWS",
    "pais": "DCCAyWzGeMTJMaIYaJas"
  }
},
{
  "model": "clientes.endereco",
  "pk": 22,
  "fields": {
    "rua": "qwbOxQiBIfQLmIEZIira",
    "numero": 7985,
    "complemento": "oHHMqAGpdRwpblvMxVhP",
    "bairro": "DrPgspXjDgLUYhmNyPTN",
    "cidade": "ajibsFPEhwtDzlsGpIQd",
    "pais": "NfVfWhrTTSGoNUwRbyUx"
  }
},
{
  "model": "clientes.endereco",
  "pk": 23,
  "fields": {
    "rua": "TPHJStmdmOOdytCPMxZi",
    "numero": 9664,
    "complemento": "icuMnHunnhjgFYskVrhG",
    "bairro": "WMnWnmiQtLsTFwpShKwE",
    "cidade": "TzrYdZMpDVFEduPTzWsh",
    "pais": "xhlIGdKuMCTDsBPSTzQO"
  }
},
{
  "model": "clientes.endereco",
  "pk": 24,
  "fields": {
    "rua": "sNAgzkgcEAJWvFMVELFP",
    "numero": 5192,
    "complemento": "OvzFmeoTqmsVWYInKIsj",
    "bairro": "rYestQgTDNRVOVKppQSM",
    "cidade": "AhVjUoGnZtnHauLugAhw",
    "pais": "mQYQhkywygMqxGqLVmcM"
  }
},
{
  "model": "clientes.endereco",
  "pk": 25,
  "fields": {
    "rua": "lUUbZqSOPFUREltKSbHZ",
    "numero": 4139,
    "complemento": "ykUZpBmTnBJCQupOVEtt",
    "bairro": "WLABDOKskSKmYMjUVUvM",
    "cidade": "ZtszlwagFeODGCbwmJvt",
    "pais": "zMZlnRKOgydmknrMXQHU"
  }
},
{
  "model": "clientes.endereco",
  "pk": 26,
  "fields": {
    "rua": "ZZxLJenPNgmeKEMuqgQb",
    "numero": 7320,
    "complemento": "AIkosRSlQPLVJXiMNUtI",
    "bairro": "VZykicvGcVMrULLGJCqQ",
    "cidade": "QrzXyGoIFjojpXlEiUGI",
    "pais": "EUUAdsGGjRcgLirYsbRI"
  }
},
{
  "model": "clientes.endereco",
  "pk": 27,
  "fields": {
    "rua": "jqZcdSUddmqaGbwxNsNL",
    "numero": 2227,
    "complemento": "gJYcfTUXZCQBrbxcihER",
    "bairro": "sxUaioAXxfhUaRDjXhgh",
    "cidade": "OrYzPAfjXIilElMEHeoB",
    "pais": "rkHGfoylbNiWumlIoSHA"
  }
},
{
  "model": "clientes.endereco",
  "pk": 28,
  "fields": {
    "rua": "qVGPgUuqRmOJHCnaxkhJ",
    "numero": 2196,
    "complemento": "gUdxBtZTtEcqfeQeqWNa",
    "bairro": "JtlkDKdVEBKhkRHKzWzu",
    "cidade": "MfkqTvNBnsPOcZKPeCHX",
    "pais": "SooFupvDCPnGvmKPOhZb"
  }
},
{
  "model": "clientes.endereco",
  "pk": 29,
  "fields": {
    "rua": "PbYKdvypxBiMqqQAVhGI",
    "numero": 6613,
    "complemento": "teHequuLugdmxndVHhOk",
    "bairro": "aAMrejGVCIcmvQGVyJiB",
    "cidade": "AZpofmIzvnIwqWPoXHmC",
    "pais": "ZUbWsEMewIuhhaAdokjE"
  }
},
{
  "model": "clientes.endereco",
  "pk": 30,
  "fields": {
    "rua": "zgcyfomHygqfhPsraVhY",
    "numero": 8520,
    "complemento": "cTHsHTtkKVgmMqqhmhGl",
    "bairro": "MsWCjdPmEAOUIOnhecUJ",
    "cidade": "DOhEghBhaTwrHWJLbbfL",
    "pais": "wklgMZdnwIBolOYajrEM"
  }
},
{
  "model": "clientes.endereco",
  "pk": 31,
  "fields": {
    "rua": "gsaPCUmmJTaPQAhwosHV",
    "numero": 1348,
    "complemento": "OTkqqbWRGImNFooLSXOv",
    "bairro": "CcLtJplymrwnStZddRYh",
    "cidade": "KZnjHSRFgoxxyaYdsbJF",
    "pais": "IJZMcJPIruvSvWdeJkih"
  }
},
{
  "model": "clientes.endereco",
  "pk": 32,
  "fields": {
    "rua": "VzANMKaiKeNLFYuvUlEX",
    "numero": 5024,
    "complemento": "IwdQRhbIiUbVavmdJWDz",
    "bairro": "SDhmqCyfhavmLKIjDGDo",
    "cidade": "EZUzPxIqkBKtYzESuzta",
    "pais": "aFoclrtfhyozflGZGMUt"
  }
},
{
  "model": "clientes.endereco",
  "pk": 33,
  "fields": {
    "rua": "TiXDVfGCzHkvtXVmyNbf",
    "numero": 6247,
    "complemento": "MAOXWKkjKkBqZVAGWFZJ",
    "bairro": "JUNPsDjkBnYiRrRWGVJV",
    "cidade": "REvVioXhwseqQOqCpwXU",
    "pais": "lLPrelEDPsnczMJgplET"
  }
},
{
  "model": "clientes.endereco",
  "pk": 34,
  "fields": {
    "rua": "pbrNenmiGpFgiBEwuEym",
    "numero": 5795,
    "complemento": "hNANMYathOOPmoampcCA",
    "bairro": "CMKZOfconnBpfzAIRsxC",
    "cidade": "hbLMddkcoQAFuaYzZWTX",
    "pais": "BgAVvodCtCZwUeSkYUDf"
  }
},
{
  "model": "clientes.endereco",
  "pk": 35,
  "fields": {
    "rua": "sIzrSbiSFovMolTzSVZm",
    "numero": 4165,
    "complemento": "yEpHdfkvnTXYiDOjaZSW",
    "bairro": "FyDqGIFTkOvdnKtnILju",
    "cidade": "MEROVTmaSuagndZkSgiE",
    "pais": "HtbnohhXEaYfGTcXCdvH"
  }
},
{
  "model": "clientes.endereco",
  "pk": 36,
  "fields": {
    "rua": "rizsDeFsehgjasMKMexz",
    "numero": 4436,
    "complemento": "SpuXDIXzTfwgoJskzglY",
    "bairro": "mwMaYhuNpacTphHXTCHM",
    "cidade": "vZokSHxQrFXTFqLazGiB",
    "pais": "vnVVKSWukyqtnnWCcyUJ"
  }
},
{
  "model": "clientes.endereco",
  "pk": 37,
  "fields": {
    "rua": "FZDTGLDXckqoJaOyIcIV",
    "numero": 799,
    "complemento": "IrzhpwBjRLHmPDhshsgQ",
    "bairro": "WmNwTwaPMmNHBmPuZZEw",
    "cidade": "bqCpYZNHEUvYyClCBwkj",
    "pais": "gdQDZcWaeyHYzXNzbPDN"
  }
},
{
  "model": "clientes.endereco",
  "pk": 38,
  "fields": {
    "rua": "tTvdcWRVaiHBXfVsxJgq",
    "numero": 2547,
    "complemento": "ifUfnsoUSJfUUAOhSoNc",
    "bairro": "omGAxmOpCNWeAqZNKUAO",
    "cidade": "OqjyhtOBhkbcRwehcjhH",
    "pais": "NZiLMPxqlAUEhdhuWiga"
  }
},
{
  "model": "clientes.endereco",
  "pk": 39,
  "fields": {
    "rua": "kvzZxYhrJABnBNUgdeCG",
    "numero": 8331,
    "complemento": "dYkrWEpDAoHSGzdcZCyN",
    "bairro": "nrUxHQkFZjBlyMuQdkWH",
    "cidade": "SCZFPLUKgFcqqhNGxJeo",
    "pais": "ilQAgHmhtSrxCEzzMXjI"
  }
},
{
  "model": "clientes.endereco",
  "pk": 40,
  "fields": {
    "rua": "PuRcBmWctAjlyzEfAbov",
    "numero": 5152,
    "complemento": "qbrPWzOzPCHtbZyYZnJy",
    "bairro": "ExLAndvOvkUcxsQKsDeR",
    "cidade": "FzJcKzLMUvBSuextNrhg",
    "pais": "EiasSEKhwnqEmDmYuvnw"
  }
},
{
  "model": "clientes.endereco",
  "pk": 41,
  "fields": {
    "rua": "gehNABkSqQVcQNQKBJOv",
    "numero": 1158,
    "complemento": "ZIWRrEoZHEXfLiZERKnW",
    "bairro": "ezsjKXuEbfZjuyVssgoE",
    "cidade": "YZUYBLMfvvQyCdIyMUvk",
    "pais": "nSIviEOKkJKlbXIUmyii"
  }
},
{
  "model": "clientes.endereco",
  "pk": 42,
  "fields": {
    "rua": "TTNEHKcbVHfYXSGuFiCk",
    "numero": 2281,
    "complemento": "mReXpIlTKdcBmMsOxjnL",
    "bairro": "izTXlPhDvqtKhAqeArwG",
    "cidade": "HQXOoCQagDjrHcsjORFH",
    "pais": "UivJqHPtqsiuCtPUihrs"
  }
},
{
  "model": "clientes.endereco",
  "pk": 43,
  "fields": {
    "rua": "yWOtkSLgMTgtmzocykUw",
    "numero": 2417,
    "complemento": "FMQQxDoyoSSkaUfnBReZ",
    "bairro": "CWEcuXRPCFWOvwyoBEcO",
    "cidade": "tuBRlUDftDSoAYNRCfCU",
    "pais": "ZUVFSovmGHHWmAsfRpPb"
  }
},
{
  "model": "clientes.endereco",
  "pk": 44,
  "fields": {
    "rua": "LLhwEUNYXUEoKhqkpokm",
    "numero": 8022,
    "complemento": "NzDeHlxlbPbrpBOlzHki",
    "bairro": "TKOOyyjnqAtSPECORSFw",
    "cidade": "PaUdbCMMFqLXbFpBFefW",
    "pais": "GkovOhGZnfDLtFcPFplm"
  }
},
{
  "model": "clientes.endereco",
  "pk": 45,
  "fields": {
    "rua": "QRVrnzvoMEWanokrEpAX",
    "numero": 4146,
    "complemento": "OslxWjteUDvPCPZmDlwn",
    "bairro": "mLFzOBiXiHJFByefVbYU",
    "cidade": "HfYqiVeCHyWYfElHwLLT",
    "pais": "dpJieqtYiZBcyvraUtaE"
  }
},
{
  "model": "clientes.endereco",
  "pk": 46,
  "fields": {
    "rua": "OWqnxFXaBtYOJMwCoqWw",
    "numero": 2761,
    "complemento": "FxoNNTUUkkaKnSLCfwWG",
    "bairro": "jsWFoiptvXNEoRhvdiER",
    "cidade": "cAaFgaHfboOluTrJdSWx",
    "pais": "RSHQNPzsurNYNtyCeVnz"
  }
},
{
  "model": "clientes.endereco",
  "pk": 47,
  "fields": {
    "rua": "ssyUErEoGBOTqpqojSKV",
    "numero": 3089,
    "complemento": "PoKHJlJyImNBAibnxtxW",
    "bairro": "DxmswZMMxCPciEdszAiH",
    "cidade": "EpQFloqVsQSfixGeQXPb",
    "pais": "yENlgYeEHFbmTlkWqmuv"
  }
},
{
  "model": "clientes.endereco",
  "pk": 48,
  "fields": {
    "rua": "GDaSDXgIQtyFIyGpWhhe",
    "numero": 8060,
    "complemento": "yLsUwOzJfmANmedYdLTc",
    "bairro": "tujoIjfkWvvunUOituTH",
    "cidade": "etzHhxiqBkiSeqqSLMat",
    "pais": "IGnlyCBkXirECeSTZjtI"
  }
},
{
  "model": "clientes.endereco",
  "pk": 49,
  "fields": {
    "rua": "xnNuYVVDqkZOdSRyedbo",
    "numero": 3790,
    "complemento": "TCoLzrWUiBttTUSBlXDw",
    "bairro": "DbHLVAcUyttHiBdleaUX",
    "cidade": "RhhXOqxAjKxnvEgGnFSB",
    "pais": "tqcIeOVGnpdGfBaeeHqX"
  }
},
{
  "model": "clientes.endereco",
  "pk": 50,
  "fields": {
    "rua": "hjrmuTePxJAwGpLSCoZM",
    "numero": 1479,
    "complemento": "YLtksSItblppoUCqTjxr",
    "bairro": "fErglYdwGlXsraTAdJoi",
    "cidade": "OPxVcQvPzmPQSlIbOdqb",
    "pais": "BNnIegtsCihvYTcTvROI"
  }
},
{
  "model": "clientes.endereco",
  "pk": 51,
  "fields": {
    "rua": "EcsofCsAlFuwtznTMlIj",
    "numero": 9447,
    "complemento": "ltCKaOPuDQUiXEISpPCt",
    "bairro": "zwCYwMlhQnExKjRCrUtN",
    "cidade": "IsnkvvpyzAGHFXrifeCk",
    "pais": "PlqHekLvBnNbEoFQevUR"
  }
},
{
  "model": "clientes.endereco",
  "pk": 52,
  "fields": {
    "rua": "dXokbCTEHjigetMTKAmy",
    "numero": 8420,
    "complemento": "sccmYGzOnVGQtWRUBFxe",
    "bairro": "VICdtVuQUebXsPbTFPfn",
    "cidade": "jIFRypjeepeSRyDotOCL",
    "pais": "jpVTjLCFZnIEzQXKYtPI"
  }
},
{
  "model": "clientes.endereco",
  "pk": 53,
  "fields": {
    "rua": "tQeFvnMkftggGRPbsghd",
    "numero": 9389,
    "complemento": "mgYHIUbWLDNcrkZWvPSX",
    "bairro": "LwDVHULJOycGPvsJJItS",
    "cidade": "iLnWWUCFuQGUJpNvJgKd",
    "pais": "esTTrtszGcXADWcwFqbi"
  }
},
{
  "model": "clientes.endereco",
  "pk": 54,
  "fields": {
    "rua": "hsYgSjUaefOWofsrecCI",
    "numero": 4792,
    "complemento": "yeDkKmaCSHwxcNgMsgAF",
    "bairro": "mEdBXoJMvnewHsCGpaeV",
    "cidade": "CremnkezWWtZKowCWeKh",
    "pais": "vPctYKMiUFjnXJAfKhFw"
  }
},
{
  "model": "clientes.endereco",
  "pk": 55,
  "fields": {
    "rua": "hjSxStlBEelofMDqqPPB",
    "numero": 6406,
    "complemento": "PfqlnSycBslcThaEnGxl",
    "bairro": "zzAEkxDBZtPUbbNEZqEZ",
    "cidade": "CrZCSzDdWdMiltlapqso",
    "pais": "zPaiUpqrjmpiPVftYmGX"
  }
},
{
  "model": "clientes.endereco",
  "pk": 56,
  "fields": {
    "rua": "hnqzMzoUDAZJIDyESjlm",
    "numero": 2948,
    "complemento": "WztCeNExXbgSsLqYbOKx",
    "bairro": "fidDnYPdswIzSiHRCgnd",
    "cidade": "EjQNADJNxrkUTcpRsydu",
    "pais": "VSlwImpZbnvGtTZjVBCW"
  }
},
{
  "model": "clientes.endereco",
  "pk": 57,
  "fields": {
    "rua": "sqnBjTFDEqHMKJtleIuN",
    "numero": 4929,
    "complemento": "RVgpwOnzMwQXpFHtjQyC",
    "bairro": "oaTezbuinfMXPHABoZtz",
    "cidade": "LEtOhAgYoqNYuXpvyzRq",
    "pais": "WebRCoUJmyLLEiOCyQpK"
  }
},
{
  "model": "clientes.endereco",
  "pk": 58,
  "fields": {
    "rua": "YdEZYjULEWCfqAJXtnUk",
    "numero": 7101,
    "complemento": "YqavpWXUwYiwchQAPoDY",
    "bairro": "EjXHnqmjvlAmpbpYdrht",
    "cidade": "jSBGdJSsDxXNOTgIzYWq",
    "pais": "WriFGCGuDISyFXmilnqe"
  }
},
{
  "model": "clientes.endereco",
  "pk": 59,
  "fields": {
    "rua": "dNhfHIwYEfafFTAWvyJt",
    "numero": 2663,
    "complemento": "ftxkPPZXSZXQtyXFqowR",
    "bairro": "pTbpvAiJMhsPCwvMYfWY",
    "cidade": "CcHAfhlJfvLQxuUggigm",
    "pais": "JKoCZMEiffpeHidEnEPb"
  }
},
{
  "model": "clientes.endereco",
  "pk": 60,
  "fields": {
    "rua": "njHOCSAazjvMSqafFbch",
    "numero": 9021,
    "complemento": "PhXrIbTJvTanbSVVyoOI",
    "bairro": "ACvJToPOdbymbYqPAtXB",
    "cidade": "RTJLhgiCNdCVDZcYRFVx",
    "pais": "WDRfwpFqqfeVoRnUCYFZ"
  }
},
{
  "model": "clientes.endereco",
  "pk": 61,
  "fields": {
    "rua": "ZZlwSQGLgguueRQrAUMq",
    "numero": 1358,
    "complemento": "KWdfxacjaaWlcvxuRNMm",
    "bairro": "QCmpZddCltyDCsqwpyVL",
    "cidade": "CVBCmWKovVLTRKsvYKuj",
    "pais": "KjZtDkIYtTjpPyfdqIYS"
  }
},
{
  "model": "clientes.endereco",
  "pk": 62,
  "fields": {
    "rua": "QNlBGIEOqvEjmXQPpLNC",
    "numero": 902,
    "complemento": "mHwRioxaLkmPWjBjEhFh",
    "bairro": "CgoChLLQtkgsFzCsLfOg",
    "cidade": "KiedDLHTWryzHqOJGoeG",
    "pais": "lObnapdoFISUOfNFNFIb"
  }
},
{
  "model": "clientes.endereco",
  "pk": 63,
  "fields": {
    "rua": "rsYgGBJutTozqPGZuxTR",
    "numero": 9560,
    "complemento": "SXADMkGucQaDYKDaRqFM",
    "bairro": "tKAJRQHtZrdpWkVaFBrv",
    "cidade": "GiSvSNCUqjjMSPctjdwK",
    "pais": "mLcfBtdzhTZMzAGpHdbC"
  }
},
{
  "model": "clientes.endereco",
  "pk": 64,
  "fields": {
    "rua": "vlbWdenHKBamkljWIugo",
    "numero": 6747,
    "complemento": "BkBwaBOYeqqmPITLmSxl",
    "bairro": "dDFJmSIXfWZgwmDSjkSq",
    "cidade": "KHvChozVUvZgFPSmEOvi",
    "pais": "rknclnVvnOHtWLDmCEVO"
  }
},
{
  "model": "clientes.endereco",
  "pk": 65,
  "fields": {
    "rua": "bbpoJbtBOwayGRaJkTuq",
    "numero": 1949,
    "complemento": "swrrxHFPRfSIxSYbHzay",
    "bairro": "TzAXSUnVGabhCVsNxrWn",
    "cidade": "EBwdotrNdtYSDYeFoZBH",
    "pais": "VsigTZhdWfUsQgyNFINB"
  }
},
{
  "model": "clientes.endereco",
  "pk": 66,
  "fields": {
    "rua": "wFlKmcumgTctkoyWbOZT",
    "numero": 5420,
    "complemento": "wUHBiPpUiNzCUTAYgQme",
    "bairro": "RWNPRxTdJtMNKhDBuaZx",
    "cidade": "lfVVztEcRoPuqZEouIFh",
    "pais": "lGNnGicJphFskrhOafXG"
  }
},
{
  "model": "clientes.endereco",
  "pk": 67,
  "fields": {
    "rua": "RUNmCYCCGvXiFXjGqlut",
    "numero": 8484,
    "complemento": "eSsqwTYLQuPnrewRMoJK",
    "bairro": "ZxcdJhaZrHPjMxQBycpR",
    "cidade": "vCFYrULTBNyqMcRCwUyw",
    "pais": "vhOXLuMNbcjohrHxwHKZ"
  }
},
{
  "model": "clientes.endereco",
  "pk": 68,
  "fields": {
    "rua": "AJRKKyxIeIoYhVgaSRgU",
    "numero": 6126,
    "complemento": "XDNGzwNbnqLfcTfIlDzJ",
    "bairro": "HeQlUZsitdHtJwHeCnaa",
    "cidade": "lrRGPeYCRzyXOMxKXazN",
    "pais": "hbDYgMrPwxoVCDfssaYp"
  }
},
{
  "model": "clientes.endereco",
  "pk": 69,
  "fields": {
    "rua": "bFrhvGuoYBMQOroflCXd",
    "numero": 6565,
    "complemento": "DfOROuyRfpcBzbRFoDqX",
    "bairro": "UejoDrjgExhpEzvnMsMp",
    "cidade": "BagavhmElPCbGHiujmuF",
    "pais": "mUOUoqRCgQznMeaqRLXf"
  }
},
{
  "model": "clientes.endereco",
  "pk": 70,
  "fields": {
    "rua": "umAbvfPslsocyOXrJfMj",
    "numero": 3989,
    "complemento": "QAASPlATJPYGucqUHZKw",
    "bairro": "HwPZniTMEaRkNPIJhZUc",
    "cidade": "bHvELSUrOUoIOqlJJEDM",
    "pais": "KmnjrXqlYGgynTJhKxHB"
  }
},
{
  "model": "clientes.endereco",
  "pk": 71,
  "fields": {
    "rua": "lbqcJuHfNRTXcHwzjRJS",
    "numero": 8837,
    "complemento": "xpkzNbnonfLtvxnspzXt",
    "bairro": "BhveNEFXlLjCfgPzLSaE",
    "cidade": "JpQXlFhulqWpzIvgZbtb",
    "pais": "TJeNdqpTFMgwTKYouSqz"
  }
},
{
  "model": "clientes.endereco",
  "pk": 72,
  "fields": {
    "rua": "qJSWhhzZfGKzoUCDhMtO",
    "numero": 6018,
    "complemento": "ayDmYTfZbCsjmqCyMqKo",
    "bairro": "eyBPRsShuJilgiIkEYGS",
    "cidade": "ablJcPAipZfCAhnMyZKV",
    "pais": "TrnXgEIqhvTKwReRAIMr"
  }
},
{
  "model": "clientes.endereco",
  "pk": 73,
  "fields": {
    "rua": "BIAheodlqfexylOnuDNG",
    "numero": 3769,
    "complemento": "ArfAGRcwFeknBRYcUNCm",
    "bairro": "krOSNAKYprDzZlMGwXmx",
    "cidade": "jUtlXJhcIIayZOOnkzfU",
    "pais": "MjtlkiSLAWsPzenHWOZW"
  }
},
{
  "model": "clientes.endereco",
  "pk": 74,
  "fields": {
    "rua": "zFoCtLWuakCMoWKPlEWh",
    "numero": 9153,
    "complemento": "GoMHpGNcKoIyMnOnezJf",
    "bairro": "BrdJKdschmQajZsAgiCq",
    "cidade": "IDdzWCQXAOlQvWeLGVSQ",
    "pais": "YUFkRNHdMbxINitlvXFf"
  }
},
{
  "model": "clientes.endereco",
  "pk": 75,
  "fields": {
    "rua": "oIkrmgpjSBIdUMPZaICQ",
    "numero": 829,
    "complemento": "mrNOIthFnWNthWifqYVP",
    "bairro": "rGIRzjiGmxVDysEVTfSF",
    "cidade": "wFIiOqgxHNkhcLFqCgmi",
    "pais": "qmtPNwKKroTpZBUCKmMO"
  }
},
{
  "model": "clientes.endereco",
  "pk": 76,
  "fields": {
    "rua": "RMAfnTfwTEiplphNTZKP",
    "numero": 7971,
    "complemento": "kLxvSpADxUpIGMNQNxbi",
    "bairro": "FcdSPByUXZEHZSCWtNdM",
    "cidade": "PftGUTUPMFFcljxiTpsI",
    "pais": "KnpXcSVGMDxQyTYpcaww"
  }
},
{
  "model": "clientes.endereco",
  "pk": 77,
  "fields": {
    "rua": "ayHkzJfxLdbaYknOUrEN",
    "numero": 397,
    "complemento": "OpNZVGmxIyOMiqrGopJO",
    "bairro": "lSazrbSvPRyfFHBputcT",
    "cidade": "EipDJWNPfXxWlSfNqKsC",
    "pais": "YrypwmswemmqiaYLyPYl"
  }
},
{
  "model": "clientes.endereco",
  "pk": 78,
  "fields": {
    "rua": "fnzghOCzkhZJagFGVQUF",
    "numero": 9434,
    "complemento": "LcGVijDbfRkXIIQODMDd",
    "bairro": "VYxZDfVBVNdBQZALQmEp",
    "cidade": "BPChxgoylTvnHRLtMOub",
    "pais": "ZEfkueenPSJjbPjNHtyF"
  }
},
{
  "model": "clientes.endereco",
  "pk": 79,
  "fields": {
    "rua": "wCUoqylblkfKwIvjZfhw",
    "numero": 4833,
    "complemento": "cycoXuVLqLliSakzujBw",
    "bairro": "fhMGVEHddcBrAFjFxMJu",
    "cidade": "DYEZqernTvceSKENfpUA",
    "pais": "coPxErbvnfELRpKEyWvV"
  }
},
{
  "model": "clientes.endereco",
  "pk": 80,
  "fields": {
    "rua": "URCLXQdojJtWrcSBmlsi",
    "numero": 1051,
    "complemento": "SHMwGaoMHpZacKFyVdHz",
    "bairro": "HOhRuoKoEjeqLXCyfBDH",
    "cidade": "cWRtCKOPqeLOIrhyfIbl",
    "pais": "uVaGlpTFeTpNoyjJjRgD"
  }
},
{
  "model": "clientes.endereco",
  "pk": 81,
  "fields": {
    "rua": "rPRyOUoRlpeOxEepYvIJ",
    "numero": 5256,
    "complemento": "oYsmlpdVxMOFVquUjFFo",
    "bairro": "kSAATvmghdpmFXiSqRlx",
    "cidade": "mlabWuWtzrzHtcYBZcfJ",
    "pais": "zCamBSlXXNucDIVjPVzV"
  }
},
{
  "model": "clientes.endereco",
  "pk": 82,
  "fields": {
    "rua": "ViTYFnocSdduRFnglJWw",
    "numero": 4726,
    "complemento": "xeXBMFNpOogrdNSlMjAh",
    "bairro": "llKVpPIeHpSNUsOIqbub",
    "cidade": "yFbWZeHgsVMPVmHZmbAQ",
    "pais": "XDFpwBcjNofbTMgcxBid"
  }
},
{
  "model": "clientes.endereco",
  "pk": 83,
  "fields": {
    "rua": "nCXOKMDaTsEZYUraofwd",
    "numero": 1414,
    "complemento": "QXtAopVLyUeHLUFwmMhT",
    "bairro": "UGqVVrSDZakWALCxFrye",
    "cidade": "SzKiXyfUMVFlvKnqrWuH",
    "pais": "BxfYRJQuVANADJcMhlwD"
  }
},
{
  "model": "clientes.endereco",
  "pk": 84,
  "fields": {
    "rua": "DXigPDFctCDYmWruAjuJ",
    "numero": 9510,
    "complemento": "KXynHtvXdMfbGXosZxZT",
    "bairro": "tgHSFBptONQEFXMavKPq",
    "cidade": "KECDbZmkHsCEIfCyAQLx",
    "pais": "dfboOGXmMehVtApjTpIt"
  }
},
{
  "model": "clientes.endereco",
  "pk": 85,
  "fields": {
    "rua": "SxzPJlBAHVobHaKjMlef",
    "numero": 9240,
    "complemento": "FEeSUyhUDgVbBMXCazfl",
    "bairro": "YHoNIVbhnzqdZhJcTHMu",
    "cidade": "ZcmiQRRLzQRQrPWPTVoI",
    "pais": "enXPMfngXMzESFdsFJCE"
  }
},
{
  "model": "clientes.endereco",
  "pk": 86,
  "fields": {
    "rua": "hciPClKKDcVOwznJDxRK",
    "numero": 2871,
    "complemento": "TjwpXOfmbhvbOgqipnGO",
    "bairro": "RQeJjizWrEomsUsnRLKC",
    "cidade": "LWaYXAIUCQfHubdjJalG",
    "pais": "KQKkSQTcSHQCEVnDHFcm"
  }
},
{
  "model": "clientes.endereco",
  "pk": 87,
  "fields": {
    "rua": "gNTwWFVqbXEUQfLNkloV",
    "numero": 9457,
    "complemento": "dyvSnIYjGdkMKBmoGfcA",
    "bairro": "ECdACDdNzwWDBpcDFUnu",
    "cidade": "EeDyDWocnoyTuSwdNnpJ",
    "pais": "NajmhwwgJoUDNNvswgTH"
  }
},
{
  "model": "clientes.endereco",
  "pk": 88,
  "fields": {
    "rua": "AloDJFOQiNqbmCEMVeLb",
    "numero": 4945,
    "complemento": "DFrqsIDykkrObkDNCRmt",
    "bairro": "RocoyihjdbJszLLpcKTl",
    "cidade": "KkyRnxuYyIbjKalVygPQ",
    "pais": "jItXNZUwVFidYTsQoToU"
  }
},
{
  "model": "clientes.endereco",
  "pk": 89,
  "fields": {
    "rua": "fYRCwtPbIRVKUjfYMSzc",
    "numero": 1937,
    "complemento": "InFdiRfShThNnVSzruxl",
    "bairro": "YgTWXUSwTuuyGcJNEDsX",
    "cidade": "RKXOTgGDLJTOiDMLqqsT",
    "pais": "CpzXdoXslvlAFtRquENw"
  }
},
{
  "model": "clientes.endereco",
  "pk": 90,
  "fields": {
    "rua": "zCxUfdbFcgQxlSsTsIDl",
    "numero": 2052,
    "complemento": "VGLITqPNoMUUtALbBOPd",
    "bairro": "ndlKbaYundMgHjnGjGmk",
    "cidade": "dPnvWJXYeMtDgJEtKMfT",
    "pais": "xVlrAMacBDKyoFJiVkIj"
  }
},
{
  "model": "clientes.endereco",
  "pk": 91,
  "fields": {
    "rua": "MVydbHscoryIOKcJxpsK",
    "numero": 2217,
    "complemento": "qvTozVMjbtDfmiVpnqDI",
    "bairro": "OlStWhqHlkPFXGNtullZ",
    "cidade": "xjcRmZDzSZYwoPhDwGuG",
    "pais": "wGhtrmtTICOIGVHlJcrb"
  }
},
{
  "model": "clientes.endereco",
  "pk": 92,
  "fields": {
    "rua": "qdrjbQNfMrkkphfhsMWd",
    "numero": 2893,
    "complemento": "DUczLKTeHEpdTjWwfNLx",
    "bairro": "whoYoLPTDguwsdtBZIMR",
    "cidade": "UtkJXBriYhLBqRzlPeVp",
    "pais": "yfOSgkrhUYjxSVkFwBbx"
  }
},
{
  "model": "clientes.endereco",
  "pk": 93,
  "fields": {
    "rua": "iZevZYfvUUThxbhSiWFw",
    "numero": 5547,
    "complemento": "zeGUGqJBBnsIsSNtswoz",
    "bairro": "RyfQtzSwhXehHHAlCSnL",
    "cidade": "YAAyxOaSABhCDqPHwGZI",
    "pais": "KeKPkvYtxIEVZKNmXRKy"
  }
},
{
  "model": "clientes.endereco",
  "pk": 94,
  "fields": {
    "rua": "cdeYpzgBUGMCIRaxhOkO",
    "numero": 2898,
    "complemento": "GPshCjsrAMEsxVlkfkli",
    "bairro": "BzgsGkOYrYtuEqitHsyv",
    "cidade": "qSxmiNzbyJhowrvhJIvG",
    "pais": "jEIXEplluYJRuQFTAKAn"
  }
},
{
  "model": "clientes.endereco",
  "pk": 95,
  "fields": {
    "rua": "avRvFQINcliTwGqeJADk",
    "numero": 3872,
    "complemento": "jtLkWXOrGqsmCwKztgOQ",
    "bairro": "eMKGNbugGZEYEWVNretk",
    "cidade": "eqmqsWbUThggpvoBktlj",
    "pais": "sbsfTfdRYFuqVnlTJwWd"
  }
},
{
  "model": "clientes.endereco",
  "pk": 96,
  "fields": {
    "rua": "kOdSyKmmptqpJsKtcipF",
    "numero": 3329,
    "complemento": "hnTmbWQlOKcrNxraFZie",
    "bairro": "AHRmTqLsNOmBfibnLZmx",
    "cidade": "LZKnWJlHCwETSQFhDTDD",
    "pais": "jBGAWPclTUBbtQXKtoqi"
  }
},
{
  "model": "clientes.endereco",
  "pk": 97,
  "fields": {
    "rua": "hgXGqmPYWtmOvCGXCVsv",
    "numero": 7111,
    "complemento": "CKgtDnMYXeKnNxhtTJmT",
    "bairro": "pYvzrMzqcBqOrpwxiPeD",
    "cidade": "XgznXNACAEVCMRaFQvjE",
    "pais": "PdJbRJpBbelNuMasnUGr"
  }
},
{
  "model": "clientes.endereco",
  "pk": 98,
  "fields": {
    "rua": "dyQDRmVCukwniRAQhTqd",
    "numero": 8956,
    "complemento": "PAmHoynMDJMNJAhyNELk",
    "bairro": "jVMDnEDzpxEqjNeZqQFY",
    "cidade": "voRCZanesarezmwPYcbK",
    "pais": "lglwRpPqRJuoVWIXvzId"
  }
},
{
  "model": "clientes.endereco",
  "pk": 99,
  "fields": {
    "rua": "byuORIfvHmHBXxonanFE",
    "numero": 2888,
    "complemento": "rSlFVTmCvZxxntEsWZcW",
    "bairro": "UYqxIkqcjqFiFvmlftgI",
    "cidade": "wsetJLWPXILgaQNQhZeL",
    "pais": "dchCgIePqvncNEsNyjBN"
  }
},
{
  "model": "clientes.endereco",
  "pk": 100,
  "fields": {
    "rua": "klEQWtWFmVVmVTYHHooQ",
    "numero": 8283,
    "complemento": "mJKkBPdlOpqopQxpGYZm",
    "bairro": "qBozZygHgKsmtvnUYVwa",
    "cidade": "KCCpEHoirthPdkEvrkcG",
    "pais": "qrhozNSHcmlrxXsYTYxi"
  }
},
{
  "model": "clientes.endereco",
  "pk": 101,
  "fields": {
    "rua": "AxlbBAcigmUZrpCZJmhc",
    "numero": 1985,
    "complemento": "dSKuysaYmKNDsOACvinI",
    "bairro": "OVQRxidYhlQhZoBsXEpg",
    "cidade": "fifPjtjDcWgljlwnblGC",
    "pais": "uwOvrXdXRLuVZRBIIaQd"
  }
},
{
  "model": "clientes.endereco",
  "pk": 102,
  "fields": {
    "rua": "RghaVQBtbcFZmxeZJBqT",
    "numero": 5230,
    "complemento": "cjoePfqvJaSMroxIxdLB",
    "bairro": "iJpBzUFntvpfUeeOxiEh",
    "cidade": "xWbCNPOuraQogOeALtIO",
    "pais": "EjGOeqIkTXerxMlrMqEn"
  }
},
{
  "model": "clientes.endereco",
  "pk": 103,
  "fields": {
    "rua": "XWjONPwtQvddxYTXBTVe",
    "numero": 7293,
    "complemento": "jVCxPEgxcrJHxZzRVZMq",
    "bairro": "RMyxryYqRHBAvUtEmSHC",
    "cidade": "DaRpGlWuVYQLXahfuqco",
    "pais": "GykFHaTaTfzykXqUakrz"
  }
},
{
  "model": "clientes.endereco",
  "pk": 104,
  "fields": {
    "rua": "MTeHmxlxwiUULxmHslyD",
    "numero": 3100,
    "complemento": "IPqmQiSeADlazIbHHCOm",
    "bairro": "sTiQMqWgkVzNuYgyDvZD",
    "cidade": "jMTULIjhKzszCTMyzkgt",
    "pais": "eSzPzRVNErHEgSheyyjj"
  }
},
{
  "model": "clientes.produto",
  "pk": 1,
  "fields": {
    "nome": "teste",
    "descricao": "descrição",
    "valor": 117.0
  }
},
{
  "model": "clientes.produto",
  "pk": 2,
  "fields": {
    "nome": "pizza",
    "descricao": "descrição",
    "valor": 117.0
  }
},
{
  "model": "clientes.pedido",
  "pk": 1,
  "fields": {
    "cliente": 7,
    "data_pedido": "2022-10-06",
    "valor": 111.0,
    "status": "E",
    "observacoes": "Pizza de calabresab1",
    "produtos": []
  }
},
{
  "model": "clientes.pedido",
  "pk": 2,
  "fields": {
    "cliente": 8,
    "data_pedido": "2021-10-06",
    "valor": 117.0,
    "status": "P",
    "observacoes": "Pizza de calabresa",
    "produtos": []
  }
},
{
  "model": "clientes.pedido",
  "pk": 3,
  "fields": {
    "cliente": 8,
    "data_pedido": "2021-10-06",
    "valor": 117.0,
    "status": "P",
    "observacoes": "Pizza de calabresa",
    "produtos": []
  }
},
{
  "model": "clientes.pedido",
  "pk": 4,
  "fields": {
    "cliente": 10,
    "data_pedido": "2021-10-06",
    "valor": 117.0,
    "status": "F",
    "observacoes": "Pizza de calabresa",
    "produtos": []
  }
},
{
  "model": "clientes.pedido",
  "pk": 5,
  "fields": {
    "cliente": 10,
    "data_pedido": "2021-10-06",
    "valor": 117.0,
    "status": "F",
    "observacoes": "Pizza de calabresa",
    "produtos": []
  }
},
{
  "model": "clientes.pedido",
  "pk": 6,
  "fields": {
    "cliente": 9,
    "data_pedido": "2021-10-06",
    "valor": 117.0,
    "status": "P",
    "observacoes": "Pizza de calabresa",
    "produtos": []
  }
},
{
  "model": "clientes.pedido",
  "pk": 7,
  "fields": {
    "cliente": 10,
    "data_pedido": "2021-10-07",
    "valor": 117.0,
    "status": "P",
    "observacoes": "sem cebola",
    "produtos": [
      1,
      2
    ]
  }
},
{
  "model": "clientes.pedido",
  "pk": 8,
  "fields": {
    "cliente": 8,
    "data_pedido": "2021-10-07",
    "valor": 117.0,
    "status": "P",
    "observacoes": "Pizza de calabresa",
    "produtos": [
      1
    ]
  }
},
{
  "model": "clientes.pedido",
  "pk": 9,
  "fields": {
    "cliente": 8,
    "data_pedido": "2021-10-07",
    "valor": 117.0,
    "status": "P",
    "observacoes": "sem cebola",
    "produtos": [
      1
    ]
  }
},
{
  "model": "clientes.pedido",
  "pk": 10,
  "fields": {
    "cliente": 13,
    "data_pedido": "2021-10-11",
    "valor": -179.816702321775,
    "status": "P",
    "observacoes": null,
    "produtos": []
  }
},
{
  "model": "clientes.pedido",
  "pk": 11,
  "fields": {
    "cliente": 14,
    "data_pedido": "2021-10-11",
    "valor": -78642.3421550946,
    "status": "P",
    "observacoes": null,
    "produtos": []
  }
},
{
  "model": "clientes.pedido",
  "pk": 12,
  "fields": {
    "cliente": 15,
    "data_pedido": "2021-10-11",
    "valor": -943713053166.68,
    "status": "F",
    "observacoes": null,
    "produtos": []
  }
},
{
  "model": "clientes.pedido",
  "pk": 13,
  "fields": {
    "cliente": 16,
    "data_pedido": "2021-10-11",
    "valor": -40405502.5127547,
    "status": "P",
    "observacoes": null,
    "produtos": []
  }
},
{
  "model": "clientes.pedido",
  "pk": 14,
  "fields": {
    "cliente": 17,
    "data_pedido": "2021-10-11",
    "valor": -44874412058.4695,
    "status": "F",
    "observacoes": null,
    "produtos": []
  }
},
{
  "model": "clientes.pedido",
  "pk": 15,
  "fields": {
    "cliente": 18,
    "data_pedido": "2021-10-11",
    "valor": 977752994799.369,
    "status": "F",
    "observacoes": null,
    "produtos": []
  }
},
{
  "model": "clientes.pedido",
  "pk": 16,
  "fields": {
    "cliente": 19,
    "data_pedido": "2021-10-11",
    "valor": 173497435.6871,
    "status": "P",
    "observacoes": null,
    "produtos": []
  }
},
{
  "model": "clientes.pedido",
  "pk": 17,
  "fields": {
    "cliente": 20,
    "data_pedido": "2021-10-11",
    "valor": -246.478541604439,
    "status": "P",
    "observacoes": null,
    "produtos": []
  }
},
{
  "model": "clientes.pedido",
  "pk": 18,
  "fields": {
    "cliente": 21,
    "data_pedido": "2021-10-11",
    "valor": -4.34573325906742,
    "status": "E",
    "observacoes": null,
    "produtos": []
  }
},
{
  "model": "clientes.pedido",
  "pk": 19,
  "fields": {
    "cliente": 22,
    "data_pedido": "2021-10-11",
    "valor": 422746.12956209,
    "status": "F",
    "observacoes": null,
    "produtos": []
  }
},
{
  "model": "clientes.pedido",
  "pk": 20,
  "fields": {
    "cliente": 23,
    "data_pedido": "2021-10-11",
    "valor": -1616.1474987313,
    "status": "F",
    "observacoes": null,
    "produtos": []
  }
},
{
  "model": "clientes.pedido",
  "pk": 21,
  "fields": {
    "cliente": 24,
    "data_pedido": "2021-10-11",
    "valor": 706971513643.813,
    "status": "F",
    "observacoes": null,
    "produtos": []
  }
},
{
  "model": "clientes.pedido",
  "pk": 22,
  "fields": {
    "cliente": 25,
    "data_pedido": "2021-10-11",
    "valor": -56.299909535834,
    "status": "E",
    "observacoes": null,
    "produtos": []
  }
},
{
  "model": "clientes.pedido",
  "pk": 23,
  "fields": {
    "cliente": 26,
    "data_pedido": "2021-10-11",
    "valor": -864409267.369743,
    "status": "E",
    "observacoes": null,
    "produtos": []
  }
},
{
  "model": "clientes.pedido",
  "pk": 24,
  "fields": {
    "cliente": 27,
    "data_pedido": "2021-10-11",
    "valor": 16586.4782600094,
    "status": "F",
    "observacoes": null,
    "produtos": []
  }
},
{
  "model": "clientes.pedido",
  "pk": 25,
  "fields": {
    "cliente": 28,
    "data_pedido": "2021-10-11",
    "valor": 747232.79105076,
    "status": "P",
    "observacoes": null,
    "produtos": []
  }
},
{
  "model": "clientes.pedido",
  "pk": 26,
  "fields": {
    "cliente": 29,
    "data_pedido": "2021-10-11",
    "valor": 95137.5574109531,
    "status": "P",
    "observacoes": null,
    "produtos": []
  }
},
{
  "model": "clientes.pedido",
  "pk": 27,
  "fields": {
    "cliente": 30,
    "data_pedido": "2021-10-11",
    "valor": -42257036995079.3,
    "status": "F",
    "observacoes": null,
    "produtos": []
  }
},
{
  "model": "clientes.pedido",
  "pk": 28,
  "fields": {
    "cliente": 31,
    "data_pedido": "2021-10-11",
    "valor": -4477156491942.74,
    "status": "E",
    "observacoes": null,
    "produtos": []
  }
},
{
  "model": "clientes.pedido",
  "pk": 29,
  "fields": {
    "cliente": 32,
    "data_pedido": "2021-10-11",
    "valor": -9.55092963984197,
    "status": "F",
    "observacoes": null,
    "produtos": []
  }
},
{
  "model": "clientes.pedido",
  "pk": 30,
  "fields": {
    "cliente": 33,
    "data_pedido": "2021-10-11",
    "valor": 5959.69627289272,
    "status": "E",
    "observacoes": null,
    "produtos": []
  }
},
{
  "model": "clientes.pedido",
  "pk": 31,
  "fields": {
    "cliente": 34,
    "data_pedido": "2021-10-11",
    "valor": -91295695768.6213,
    "status": "F",
    "observacoes": null,
    "produtos": []
  }
},
{
  "model": "clientes.pedido",
  "pk": 32,
  "fields": {
    "cliente": 35,
    "data_pedido": "2021-10-11",
    "valor": 88792734.464495,
    "status": "F",
    "observacoes": null,
    "produtos": []
  }
},
{
  "model": "clientes.pedido",
  "pk": 33,
  "fields": {
    "cliente": 36,
    "data_pedido": "2021-10-11",
    "valor": 248187.677382448,
    "status": "P",
    "observacoes": null,
    "produtos": []
  }
},
{
  "model": "clientes.pedido",
  "pk": 34,
  "fields": {
    "cliente": 37,
    "data_pedido": "2021-10-11",
    "valor": 7375583048408.53,
    "status": "E",
    "observacoes": null,
    "produtos": []
  }
},
{
  "model": "clientes.pedido",
  "pk": 35,
  "fields": {
    "cliente": 38,
    "data_pedido": "2021-10-11",
    "valor": 33597773898118.3,
    "status": "F",
    "observacoes": null,
    "produtos": []
  }
},
{
  "model": "clientes.pedido",
  "pk": 36,
  "fields": {
    "cliente": 39,
    "data_pedido": "2021-10-11",
    "valor": -19939472.545528,
    "status": "E",
    "observacoes": null,
    "produtos": []
  }
},
{
  "model": "clientes.pedido",
  "pk": 37,
  "fields": {
    "cliente": 40,
    "data_pedido": "2021-10-11",
    "valor": -69915258.6979674,
    "status": "F",
    "observacoes": null,
    "produtos": []
  }
},
{
  "model": "clientes.pedido",
  "pk": 38,
  "fields": {
    "cliente": 41,
    "data_pedido": "2021-10-11",
    "valor": 16985923681567.8,
    "status": "E",
    "observacoes": null,
    "produtos": []
  }
},
{
  "model": "clientes.pedido",
  "pk": 39,
  "fields": {
    "cliente": 42,
    "data_pedido": "2021-10-11",
    "valor": -97920173295.1378,
    "status": "P",
    "observacoes": null,
    "produtos": []
  }
},
{
  "model": "clientes.pedido",
  "pk": 40,
  "fields": {
    "cliente": 43,
    "data_pedido": "2021-10-11",
    "valor": -1547633.8585192,
    "status": "E",
    "observacoes": null,
    "produtos": []
  }
},
{
  "model": "clientes.pedido",
  "pk": 41,
  "fields": {
    "cliente": 44,
    "data_pedido": "2021-10-11",
    "valor": -36085796440.6759,
    "status": "P",
    "observacoes": null,
    "produtos": []
  }
},
{
  "model": "clientes.pedido",
  "pk": 42,
  "fields": {
    "cliente": 45,
    "data_pedido": "2021-10-11",
    "valor": -3401835042003.0,
    "status": "P",
    "observacoes": null,
    "produtos": []
  }
},
{
  "model": "clientes.pedido",
  "pk": 43,
  "fields": {
    "cliente": 46,
    "data_pedido": "2021-10-11",
    "valor": 78275.772528503,
    "status": "F",
    "observacoes": null,
    "produtos": []
  }
},
{
  "model": "clientes.pedido",
  "pk": 44,
  "fields": {
    "cliente": 47,
    "data_pedido": "2021-10-11",
    "valor": 813381967033.213,
    "status": "P",
    "observacoes": null,
    "produtos": []
  }
},
{
  "model": "clientes.pedido",
  "pk": 45,
  "fields": {
    "cliente": 48,
    "data_pedido": "2021-10-11",
    "valor": -298.858682188802,
    "status": "F",
    "observacoes": null,
    "produtos": []
  }
},
{
  "model": "clientes.pedido",
  "pk": 46,
  "fields": {
    "cliente": 49,
    "data_pedido": "2021-10-11",
    "valor": 4971779320543.2,
    "status": "P",
    "observacoes": null,
    "produtos": []
  }
},
{
  "model": "clientes.pedido",
  "pk": 47,
  "fields": {
    "cliente": 50,
    "data_pedido": "2021-10-11",
    "valor": -46593615.1713512,
    "status": "E",
    "observacoes": null,
    "produtos": []
  }
},
{
  "model": "clientes.pedido",
  "pk": 48,
  "fields": {
    "cliente": 51,
    "data_pedido": "2021-10-11",
    "valor": 81381081.304502,
    "status": "P",
    "observacoes": null,
    "produtos": []
  }
},
{
  "model": "clientes.pedido",
  "pk": 49,
  "fields": {
    "cliente": 52,
    "data_pedido": "2021-10-11",
    "valor": 30606411303.3055,
    "status": "P",
    "observacoes": null,
    "produtos": []
  }
},
{
  "model": "clientes.pedido",
  "pk": 50,
  "fields": {
    "cliente": 53,
    "data_pedido": "2021-10-11",
    "valor": -69.5132112591179,
    "status": "F",
    "observacoes": null,
    "produtos": []
  }
},
{
  "model": "clientes.pedido",
  "pk": 51,
  "fields": {
    "cliente": 54,
    "data_pedido": "2021-10-11",
    "valor": 48247911.3302268,
    "status": "F",
    "observacoes": null,
    "produtos": []
  }
},
{
  "model": "clientes.pedido",
  "pk": 52,
  "fields": {
    "cliente": 55,
    "data_pedido": "2021-10-11",
    "valor": -8.35065274592039,
    "status": "F",
    "observacoes": null,
    "produtos": []
  }
},
{
  "model": "clientes.pedido",
  "pk": 53,
  "fields": {
    "cliente": 56,
    "data_pedido": "2021-10-11",
    "valor": -231543726.247108,
    "status": "F",
    "observacoes": null,
    "produtos": []
  }
},
{
  "model": "clientes.pedido",
  "pk": 54,
  "fields": {
    "cliente": 57,
    "data_pedido": "2021-10-11",
    "valor": 36257874488.398,
    "status": "E",
    "observacoes": null,
    "produtos": []
  }
},
{
  "model": "clientes.pedido",
  "pk": 55,
  "fields": {
    "cliente": 58,
    "data_pedido": "2021-10-11",
    "valor": -71901.498753316,
    "status": "P",
    "observacoes": null,
    "produtos": []
  }
},
{
  "model": "clientes.pedido",
  "pk": 56,
  "fields": {
    "cliente": 59,
    "data_pedido": "2021-10-11",
    "valor": 717794859154.226,
    "status": "E",
    "observacoes": null,
    "produtos": []
  }
},
{
  "model": "clientes.pedido",
  "pk": 57,
  "fields": {
    "cliente": 60,
    "data_pedido": "2021-10-11",
    "valor": -1225066825370.99,
    "status": "E",
    "observacoes": null,
    "produtos": []
  }
},
{
  "model": "clientes.pedido",
  "pk": 58,
  "fields": {
    "cliente": 61,
    "data_pedido": "2021-10-11",
    "valor": -1441.71307455195,
    "status": "F",
    "observacoes": null,
    "produtos": []
  }
},
{
  "model": "clientes.pedido",
  "pk": 59,
  "fields": {
    "cliente": 62,
    "data_pedido": "2021-10-11",
    "valor": 63368090025.9847,
    "status": "P",
    "observacoes": null,
    "produtos": []
  }
},
{
  "model": "clientes.pedido",
  "pk": 60,
  "fields": {
    "cliente": 63,
    "data_pedido": "2021-10-11",
    "valor": -612.22590758343,
    "status": "E",
    "observacoes": null,
    "produtos": []
  }
},
{
  "model": "clientes.pedido",
  "pk": 61,
  "fields": {
    "cliente": 64,
    "data_pedido": "2021-10-11",
    "valor": -607880460368.146,
    "status": "E",
    "observacoes": null,
    "produtos": []
  }
},
{
  "model": "clientes.pedido",
  "pk": 62,
  "fields": {
    "cliente": 65,
    "data_pedido": "2021-10-11",
    "valor": 16758151.7995302,
    "status": "E",
    "observacoes": null,
    "produtos": []
  }
},
{
  "model": "clientes.pedido",
  "pk": 63,
  "fields": {
    "cliente": 66,
    "data_pedido": "2021-10-11",
    "valor": -31685.6102418494,
    "status": "P",
    "observacoes": null,
    "produtos": []
  }
},
{
  "model": "clientes.pedido",
  "pk": 64,
  "fields": {
    "cliente": 67,
    "data_pedido": "2021-10-11",
    "valor": -70.501428039488,
    "status": "P",
    "observacoes": null,
    "produtos": []
  }
},
{
  "model": "clientes.pedido",
  "pk": 65,
  "fields": {
    "cliente": 68,
    "data_pedido": "2021-10-11",
    "valor": -18781905.857271,
    "status": "F",
    "observacoes": null,
    "produtos": []
  }
},
{
  "model": "clientes.pedido",
  "pk": 66,
  "fields": {
    "cliente": 69,
    "data_pedido": "2021-10-11",
    "valor": -1259860092152.87,
    "status": "P",
    "observacoes": null,
    "produtos": []
  }
},
{
  "model": "clientes.pedido",
  "pk": 67,
  "fields": {
    "cliente": 70,
    "data_pedido": "2021-10-11",
    "valor": -598318035.951706,
    "status": "P",
    "observacoes": null,
    "produtos": []
  }
},
{
  "model": "clientes.pedido",
  "pk": 68,
  "fields": {
    "cliente": 71,
    "data_pedido": "2021-10-11",
    "valor": -5780.84403689353,
    "status": "E",
    "observacoes": null,
    "produtos": []
  }
},
{
  "model": "clientes.pedido",
  "pk": 69,
  "fields": {
    "cliente": 72,
    "data_pedido": "2021-10-11",
    "valor": -448.899743404768,
    "status": "E",
    "observacoes": null,
    "produtos": []
  }
},
{
  "model": "clientes.pedido",
  "pk": 70,
  "fields": {
    "cliente": 73,
    "data_pedido": "2021-10-11",
    "valor": 83709451726920.1,
    "status": "E",
    "observacoes": null,
    "produtos": []
  }
},
{
  "model": "clientes.pedido",
  "pk": 71,
  "fields": {
    "cliente": 74,
    "data_pedido": "2021-10-11",
    "valor": 51669401.8496935,
    "status": "P",
    "observacoes": null,
    "produtos": []
  }
},
{
  "model": "clientes.pedido",
  "pk": 72,
  "fields": {
    "cliente": 75,
    "data_pedido": "2021-10-11",
    "valor": 1.6858718952398,
    "status": "P",
    "observacoes": null,
    "produtos": []
  }
},
{
  "model": "clientes.pedido",
  "pk": 73,
  "fields": {
    "cliente": 76,
    "data_pedido": "2021-10-11",
    "valor": 465157.58192645,
    "status": "P",
    "observacoes": null,
    "produtos": []
  }
},
{
  "model": "clientes.pedido",
  "pk": 74,
  "fields": {
    "cliente": 77,
    "data_pedido": "2021-10-11",
    "valor": -215596359505.519,
    "status": "P",
    "observacoes": null,
    "produtos": []
  }
},
{
  "model": "clientes.pedido",
  "pk": 75,
  "fields": {
    "cliente": 78,
    "data_pedido": "2021-10-11",
    "valor": -55370.742471029,
    "status": "F",
    "observacoes": null,
    "produtos": []
  }
},
{
  "model": "clientes.pedido",
  "pk": 76,
  "fields": {
    "cliente": 79,
    "data_pedido": "2021-10-11",
    "valor": -5344299.28639127,
    "status": "F",
    "observacoes": null,
    "produtos": []
  }
},
{
  "model": "clientes.pedido",
  "pk": 77,
  "fields": {
    "cliente": 80,
    "data_pedido": "2021-10-11",
    "valor": -6.44841422399307,
    "status": "F",
    "observacoes": null,
    "produtos": []
  }
},
{
  "model": "clientes.pedido",
  "pk": 78,
  "fields": {
    "cliente": 81,
    "data_pedido": "2021-10-11",
    "valor": -3.95584527548626,
    "status": "F",
    "observacoes": null,
    "produtos": []
  }
},
{
  "model": "clientes.pedido",
  "pk": 79,
  "fields": {
    "cliente": 82,
    "data_pedido": "2021-10-11",
    "valor": -96337.333918079,
    "status": "F",
    "observacoes": null,
    "produtos": []
  }
},
{
  "model": "clientes.pedido",
  "pk": 80,
  "fields": {
    "cliente": 83,
    "data_pedido": "2021-10-11",
    "valor": -601291585373.858,
    "status": "E",
    "observacoes": null,
    "produtos": []
  }
},
{
  "model": "clientes.pedido",
  "pk": 81,
  "fields": {
    "cliente": 84,
    "data_pedido": "2021-10-11",
    "valor": -0.81800955733283,
    "status": "F",
    "observacoes": null,
    "produtos": []
  }
},
{
  "model": "clientes.pedido",
  "pk": 82,
  "fields": {
    "cliente": 85,
    "data_pedido": "2021-10-11",
    "valor": 276241858602.963,
    "status": "P",
    "observacoes": null,
    "produtos": []
  }
},
{
  "model": "clientes.pedido",
  "pk": 83,
  "fields": {
    "cliente": 86,
    "data_pedido": "2021-10-11",
    "valor": -13521732635145.8,
    "status": "F",
    "observacoes": null,
    "produtos": []
  }
},
{
  "model": "clientes.pedido",
  "pk": 84,
  "fields": {
    "cliente": 87,
    "data_pedido": "2021-10-11",
    "valor": 69.4219029420032,
    "status": "F",
    "observacoes": null,
    "produtos": []
  }
},
{
  "model": "clientes.pedido",
  "pk": 85,
  "fields": {
    "cliente": 88,
    "data_pedido": "2021-10-11",
    "valor": 863828.520419818,
    "status": "E",
    "observacoes": null,
    "produtos": []
  }
},
{
  "model": "clientes.pedido",
  "pk": 86,
  "fields": {
    "cliente": 89,
    "data_pedido": "2021-10-11",
    "valor": -68178.23482825,
    "status": "P",
    "observacoes": null,
    "produtos": []
  }
},
{
  "model": "clientes.pedido",
  "pk": 87,
  "fields": {
    "cliente": 90,
    "data_pedido": "2021-10-11",
    "valor": -41484088.790788,
    "status": "P",
    "observacoes": null,
    "produtos": []
  }
},
{
  "model": "clientes.pedido",
  "pk": 88,
  "fields": {
    "cliente": 91,
    "data_pedido": "2021-10-11",
    "valor": 723145387280.68,
    "status": "F",
    "observacoes": null,
    "produtos": []
  }
},
{
  "model": "clientes.pedido",
  "pk": 89,
  "fields": {
    "cliente": 92,
    "data_pedido": "2021-10-11",
    "valor": 201303.86988536,
    "status": "P",
    "observacoes": null,
    "produtos": []
  }
},
{
  "model": "clientes.pedido",
  "pk": 90,
  "fields": {
    "cliente": 93,
    "data_pedido": "2021-10-11",
    "valor": 6.81781790455377,
    "status": "E",
    "observacoes": null,
    "produtos": []
  }
},
{
  "model": "clientes.pedido",
  "pk": 91,
  "fields": {
    "cliente": 94,
    "data_pedido": "2021-10-11",
    "valor": -2053192594.15104,
    "status": "F",
    "observacoes": null,
    "produtos": []
  }
},
{
  "model": "clientes.pedido",
  "pk": 92,
  "fields": {
    "cliente": 95,
    "data_pedido": "2021-10-11",
    "valor": -997532.693795967,
    "status": "P",
    "observacoes": null,
    "produtos": []
  }
},
{
  "model": "clientes.pedido",
  "pk": 93,
  "fields": {
    "cliente": 96,
    "data_pedido": "2021-10-11",
    "valor": -14676353.9298303,
    "status": "E",
    "observacoes": null,
    "produtos": []
  }
},
{
  "model": "clientes.pedido",
  "pk": 94,
  "fields": {
    "cliente": 97,
    "data_pedido": "2021-10-11",
    "valor": 8001326.3443395,
    "status": "F",
    "observacoes": null,
    "produtos": []
  }
},
{
  "model": "clientes.pedido",
  "pk": 95,
  "fields": {
    "cliente": 98,
    "data_pedido": "2021-10-11",
    "valor": 906529570829.176,
    "status": "F",
    "observacoes": null,
    "produtos": []
  }
},
{
  "model": "clientes.pedido",
  "pk": 96,
  "fields": {
    "cliente": 99,
    "data_pedido": "2021-10-11",
    "valor": 9866152964469.78,
    "status": "E",
    "observacoes": null,
    "produtos": []
  }
},
{
  "model": "clientes.pedido",
  "pk": 97,
  "fields": {
    "cliente": 100,
    "data_pedido": "2021-10-11",
    "valor": -2014.5301122626,
    "status": "P",
    "observacoes": null,
    "produtos": []
  }
},
{
  "model": "clientes.pedido",
  "pk": 98,
  "fields": {
    "cliente": 101,
    "data_pedido": "2021-10-11",
    "valor": -33568864009.1156,
    "status": "E",
    "observacoes": null,
    "produtos": []
  }
},
{
  "model": "clientes.pedido",
  "pk": 99,
  "fields": {
    "cliente": 102,
    "data_pedido": "2021-10-11",
    "valor": 17814014360957.7,
    "status": "P",
    "observacoes": null,
    "produtos": []
  }
},
{
  "model": "clientes.pedido",
  "pk": 100,
  "fields": {
    "cliente": 103,
    "data_pedido": "2021-10-11",
    "valor": 1234.7212677638,
    "status": "P",
    "observacoes": null,
    "produtos": []
  }
},
{
  "model": "clientes.pedido",
  "pk": 101,
  "fields": {
    "cliente": 104,
    "data_pedido": "2021-10-11",
    "valor": 90192077359633.9,
    "status": "E",
    "observacoes": null,
    "produtos": []
  }
},
{
  "model": "clientes.pedido",
  "pk": 102,
  "fields": {
    "cliente": 105,
    "data_pedido": "2021-10-11",
    "valor": -97470503709.527,
    "status": "F",
    "observacoes": null,
    "produtos": []
  }
},
{
  "model": "clientes.pedido",
  "pk": 103,
  "fields": {
    "cliente": 106,
    "data_pedido": "2021-10-11",
    "valor": -5250145185.62288,
    "status": "E",
    "observacoes": null,
    "produtos": []
  }
},
{
  "model": "clientes.pedido",
  "pk": 104,
  "fields": {
    "cliente": 107,
    "data_pedido": "2021-10-11",
    "valor": -4943619.66259723,
    "status": "P",
    "observacoes": null,
    "produtos": []
  }
},
{
  "model": "clientes.pedido",
  "pk": 105,
  "fields": {
    "cliente": 108,
    "data_pedido": "2021-10-11",
    "valor": 2.23539558889699,
    "status": "E",
    "observacoes": null,
    "produtos": []
  }
},
{
  "model": "clientes.pedido",
  "pk": 106,
  "fields": {
    "cliente": 109,
    "data_pedido": "2021-10-11",
    "valor": 11181.7572641903,
    "status": "F",
    "observacoes": null,
    "produtos": []
  }
},
{
  "model": "clientes.pedido",
  "pk": 107,
  "fields": {
    "cliente": 110,
    "data_pedido": "2021-10-11",
    "valor": 2.46483236645163,
    "status": "P",
    "observacoes": null,
    "produtos": []
  }
},
{
  "model": "clientes.pedido",
  "pk": 108,
  "fields": {
    "cliente": 111,
    "data_pedido": "2021-10-11",
    "valor": -675377.67579594,
    "status": "E",
    "observacoes": null,
    "produtos": []
  }
},
{
  "model": "clientes.pedido",
  "pk": 109,
  "fields": {
    "cliente": 112,
    "data_pedido": "2021-10-11",
    "valor": -43.722500959022,
    "status": "E",
    "observacoes": null,
    "produtos": []
  }
},
{
  "model": "clientes.cliente",
  "pk": 7,
  "fields": {
    "nome": "João",
    "data_nascimento": "2020-12-12",
    "email": "joao@gmail.com",
    "profissao": "Programador",
    "sexo": "M",
    "endereco": null
  }
},
{
  "model": "clientes.cliente",
  "pk": 8,
  "fields": {
    "nome": "Maria",
    "data_nascimento": "2004-07-09",
    "email": "maria@gmail.com",
    "profissao": "Diretora",
    "sexo": "F",
    "endereco": null
  }
},
{
  "model": "clientes.cliente",
  "pk": 9,
  "fields": {
    "nome": "José",
    "data_nascimento": "2003-09-15",
    "email": "jose@gmail.com",
    "profissao": "Professor",
    "sexo": "M",
    "endereco": null
  }
},
{
  "model": "clientes.cliente",
  "pk": 10,
  "fields": {
    "nome": "Ana",
    "data_nascimento": "2000-01-03",
    "email": "ana@gmail.com",
    "profissao": "Arquiteta",
    "sexo": "F",
    "endereco": 3
  }
},
{
  "model": "clientes.cliente",
  "pk": 13,
  "fields": {
    "nome": "zIVeeSewClMwHuTuLwNX",
    "data_nascimento": "1998-05-25",
    "email": "gabrielle85@example.com",
    "profissao": "veVVVUvuxIgLvwNAIFiR",
    "sexo": "M",
    "endereco": 5
  }
},
{
  "model": "clientes.cliente",
  "pk": 14,
  "fields": {
    "nome": "aPdrjiaEaiHjewbTdWYc",
    "data_nascimento": "1998-06-08",
    "email": "dclayton@example.com",
    "profissao": "xQJRqeorWtafBktOkyRL",
    "sexo": "N",
    "endereco": 6
  }
},
{
  "model": "clientes.cliente",
  "pk": 15,
  "fields": {
    "nome": "OeDWIkcOXErITyYYEjDJ",
    "data_nascimento": "1985-04-02",
    "email": "romerokerry@example.com",
    "profissao": "PXuaGkJRARhRfOosRLIg",
    "sexo": "M",
    "endereco": 7
  }
},
{
  "model": "clientes.cliente",
  "pk": 16,
  "fields": {
    "nome": "JPrTNVBBmqBSnvIDRrMt",
    "data_nascimento": "1997-08-04",
    "email": "holdenphilip@example.org",
    "profissao": "hRbSXtrZAhxBxNSGSTeo",
    "sexo": "N",
    "endereco": 8
  }
},
{
  "model": "clientes.cliente",
  "pk": 17,
  "fields": {
    "nome": "FnaSuAVdOPHzJLzVZiXV",
    "data_nascimento": "1988-06-23",
    "email": "duartejorge@example.org",
    "profissao": "gaoyrZWjBGHrggjQShHM",
    "sexo": "F",
    "endereco": 9
  }
},
{
  "model": "clientes.cliente",
  "pk": 18,
  "fields": {
    "nome": "HNzVqBdWiFAKKrhzagVM",
    "data_nascimento": "2015-05-22",
    "email": "jermaine62@example.net",
    "profissao": "qlTOaYfslygSmnCXfhBM",
    "sexo": "F",
    "endereco": 10
  }
},
{
  "model": "clientes.cliente",
  "pk": 19,
  "fields": {
    "nome": "LQEvzhMMIlBVChhYefaX",
    "data_nascimento": "1998-12-26",
    "email": "carlosroberts@example.org",
    "profissao": "tGxaMAKcpZVIDDEKPspo",
    "sexo": "F",
    "endereco": 11
  }
},
{
  "model": "clientes.cliente",
  "pk": 20,
  "fields": {
    "nome": "vZgLQEAJCEjoHxskMDdX",
    "data_nascimento": "1970-07-11",
    "email": "qlewis@example.org",
    "profissao": "hIcKlJykCZWoAGAMozme",
    "sexo": "F",
    "endereco": 12
  }
},
{
  "model": "clientes.cliente",
  "pk": 21,
  "fields": {
    "nome": "oOkIXMHzcQnmqGdvUqzF",
    "data_nascimento": "2020-12-08",
    "email": "snyderbob@example.net",
    "profissao": "zzodUoCGFBkzdmSWQJuX",
    "sexo": "N",
    "endereco": 13
  }
},
{
  "model": "clientes.cliente",
  "pk": 22,
  "fields": {
    "nome": "lqRuwdLQebWaeHwRpTcL",
    "data_nascimento": "1991-07-21",
    "email": "peggy25@example.net",
    "profissao": "CZHrBeGJLjpfBHcOykvC",
    "sexo": "F",
    "endereco": 14
  }
},
{
  "model": "clientes.cliente",
  "pk": 23,
  "fields": {
    "nome": "atFWxrlYvkLKgFHKVWRD",
    "data_nascimento": "2002-12-30",
    "email": "ramoscynthia@example.org",
    "profissao": "LwAgMMdzIjsvQLaAoYfj",
    "sexo": "F",
    "endereco": 15
  }
},
{
  "model": "clientes.cliente",
  "pk": 24,
  "fields": {
    "nome": "BqRDPhAjtLXjBpkkOnTS",
    "data_nascimento": "1980-06-21",
    "email": "taylorlynn@example.org",
    "profissao": "yPevvNvkGJywkdJvftbh",
    "sexo": "M",
    "endereco": 16
  }
},
{
  "model": "clientes.cliente",
  "pk": 25,
  "fields": {
    "nome": "zwHFehErCRORBZhtVYmT",
    "data_nascimento": "2012-02-15",
    "email": "eugene96@example.org",
    "profissao": "SzXmHSISAazpiHpqPJwe",
    "sexo": "N",
    "endereco": 17
  }
},
{
  "model": "clientes.cliente",
  "pk": 26,
  "fields": {
    "nome": "fWkcjaKqRmfpDMxyJnFQ",
    "data_nascimento": "1975-01-10",
    "email": "marc87@example.org",
    "profissao": "SWpoGzoBJfkXnPrghiVI",
    "sexo": "F",
    "endereco": 18
  }
},
{
  "model": "clientes.cliente",
  "pk": 27,
  "fields": {
    "nome": "wxEqkPgQhptUzlKnInLg",
    "data_nascimento": "2004-02-07",
    "email": "proctorcasey@example.net",
    "profissao": "ixtMDIyFEfxUmEtPoRyY",
    "sexo": "M",
    "endereco": 19
  }
},
{
  "model": "clientes.cliente",
  "pk": 28,
  "fields": {
    "nome": "lipaXGLmOkocChaJNXzU",
    "data_nascimento": "2009-12-29",
    "email": "xcobb@example.com",
    "profissao": "tqUyQTBGpdTqYmLUfbhw",
    "sexo": "N",
    "endereco": 20
  }
},
{
  "model": "clientes.cliente",
  "pk": 29,
  "fields": {
    "nome": "mRvRNrNEnXQdXlUManLX",
    "data_nascimento": "1971-12-09",
    "email": "lynn74@example.com",
    "profissao": "trhZOYDlBiMByEkhBuit",
    "sexo": "M",
    "endereco": 21
  }
},
{
  "model": "clientes.cliente",
  "pk": 30,
  "fields": {
    "nome": "iMaNleOTxVUwgeUGktmk",
    "data_nascimento": "1992-11-13",
    "email": "buchananadrienne@example.com",
    "profissao": "gqSrhleVJwtupByCfWoN",
    "sexo": "M",
    "endereco": 22
  }
},
{
  "model": "clientes.cliente",
  "pk": 31,
  "fields": {
    "nome": "YLbOIwInMZZzXiaZwlCa",
    "data_nascimento": "1978-08-05",
    "email": "charlesalan@example.com",
    "profissao": "CXkYOpTQawoeUkboCBDa",
    "sexo": "M",
    "endereco": 23
  }
},
{
  "model": "clientes.cliente",
  "pk": 32,
  "fields": {
    "nome": "JtowlupFYhlaElsQMwsj",
    "data_nascimento": "2010-10-07",
    "email": "walter60@example.com",
    "profissao": "FTygSIBBopSHtZHXghjO",
    "sexo": "M",
    "endereco": 24
  }
},
{
  "model": "clientes.cliente",
  "pk": 33,
  "fields": {
    "nome": "MkHSJHFSlfDlfIIWJqlS",
    "data_nascimento": "2019-10-25",
    "email": "oporter@example.org",
    "profissao": "ahIVhEjmPQjEWpjKkNKf",
    "sexo": "M",
    "endereco": 25
  }
},
{
  "model": "clientes.cliente",
  "pk": 34,
  "fields": {
    "nome": "fPFalFkAVQEYNDAQHBfo",
    "data_nascimento": "2014-12-11",
    "email": "mccormickkelli@example.org",
    "profissao": "sBpDrhDiesPWSYrwvVBZ",
    "sexo": "F",
    "endereco": 26
  }
},
{
  "model": "clientes.cliente",
  "pk": 35,
  "fields": {
    "nome": "mzuHMPMHclZTGRKwdbwr",
    "data_nascimento": "1973-06-29",
    "email": "reynoldsjennifer@example.com",
    "profissao": "VIQchNkrzhERnKhZMBSa",
    "sexo": "M",
    "endereco": 27
  }
},
{
  "model": "clientes.cliente",
  "pk": 36,
  "fields": {
    "nome": "xWAhsZHIwGWrpEtRlHKs",
    "data_nascimento": "1983-11-20",
    "email": "abishop@example.org",
    "profissao": "oEHtrnDbeissSfSKrHts",
    "sexo": "N",
    "endereco": 28
  }
},
{
  "model": "clientes.cliente",
  "pk": 37,
  "fields": {
    "nome": "cTNwmKlboTBgWAyjtyZg",
    "data_nascimento": "1984-06-24",
    "email": "bonillaerik@example.org",
    "profissao": "GiVTGyZDyAqGCIgcAmxd",
    "sexo": "F",
    "endereco": 29
  }
},
{
  "model": "clientes.cliente",
  "pk": 38,
  "fields": {
    "nome": "VWgOaAFAnZADSKXLtUdT",
    "data_nascimento": "2014-08-03",
    "email": "xmcknight@example.org",
    "profissao": "wcFhmsCZzudLfqvfuCZt",
    "sexo": "M",
    "endereco": 30
  }
},
{
  "model": "clientes.cliente",
  "pk": 39,
  "fields": {
    "nome": "wXFVkgfEpCVzabwGYhMS",
    "data_nascimento": "1981-12-07",
    "email": "bondcraig@example.org",
    "profissao": "GDDkQKrRsRlStrlWrSwP",
    "sexo": "M",
    "endereco": 31
  }
},
{
  "model": "clientes.cliente",
  "pk": 40,
  "fields": {
    "nome": "hjkxFADArmFSwwrBArrG",
    "data_nascimento": "1989-07-15",
    "email": "oscarbonilla@example.org",
    "profissao": "pOodvlefFrcswLSuWKiW",
    "sexo": "N",
    "endereco": 32
  }
},
{
  "model": "clientes.cliente",
  "pk": 41,
  "fields": {
    "nome": "uONZtUUtPyDQQvUBIMRA",
    "data_nascimento": "2014-05-04",
    "email": "griggs@example.org",
    "profissao": "LlJVfGJpZVLlJzkyTcXT",
    "sexo": "N",
    "endereco": 33
  }
},
{
  "model": "clientes.cliente",
  "pk": 42,
  "fields": {
    "nome": "hmyqncmSflpiucEAYJpQ",
    "data_nascimento": "1982-07-02",
    "email": "kimeugene@example.com",
    "profissao": "VevdCPUnBMRovCDcQZPw",
    "sexo": "M",
    "endereco": 34
  }
},
{
  "model": "clientes.cliente",
  "pk": 43,
  "fields": {
    "nome": "hrmPRWWAnwSlUtQhbXOZ",
    "data_nascimento": "2013-01-16",
    "email": "kdunn@example.com",
    "profissao": "puiEOpQPoSSprBQsoYAg",
    "sexo": "F",
    "endereco": 35
  }
},
{
  "model": "clientes.cliente",
  "pk": 44,
  "fields": {
    "nome": "EeCsSvKPVbIAnflaMeWd",
    "data_nascimento": "1999-04-29",
    "email": "gabriella04@example.net",
    "profissao": "wpAlKFlNAcxntHeeNmBg",
    "sexo": "F",
    "endereco": 36
  }
},
{
  "model": "clientes.cliente",
  "pk": 45,
  "fields": {
    "nome": "xatwZPwzHwKRrninHfmz",
    "data_nascimento": "2010-09-26",
    "email": "lance57@example.net",
    "profissao": "bbfBwSmiHNEVPrFNfkno",
    "sexo": "M",
    "endereco": 37
  }
},
{
  "model": "clientes.cliente",
  "pk": 46,
  "fields": {
    "nome": "GhaXrUuOACNApDZhWyqT",
    "data_nascimento": "1974-08-29",
    "email": "reneecook@example.org",
    "profissao": "MSmmndELzHkmNpILNPiQ",
    "sexo": "N",
    "endereco": 38
  }
},
{
  "model": "clientes.cliente",
  "pk": 47,
  "fields": {
    "nome": "grcDkeaJwFQvTVbYgeCM",
    "data_nascimento": "1980-10-11",
    "email": "rickey16@example.com",
    "profissao": "YEnLoCsADKufrxwlKius",
    "sexo": "F",
    "endereco": 39
  }
},
{
  "model": "clientes.cliente",
  "pk": 48,
  "fields": {
    "nome": "HxMBpWDQdTGweZjOUQkv",
    "data_nascimento": "1993-01-31",
    "email": "tracey18@example.org",
    "profissao": "THKQvFaDTfMXrudZeHMn",
    "sexo": "M",
    "endereco": 40
  }
},
{
  "model": "clientes.cliente",
  "pk": 49,
  "fields": {
    "nome": "JwpzXvUnfjyeSdLtcgdE",
    "data_nascimento": "1993-02-20",
    "email": "pittsmargaret@example.org",
    "profissao": "WcJNMEJUyfbXlCItNtPk",
    "sexo": "N",
    "endereco": 41
  }
},
{
  "model": "clientes.cliente",
  "pk": 50,
  "fields": {
    "nome": "YFOGiFQrFULrpQlXkziq",
    "data_nascimento": "1974-05-23",
    "email": "gregory52@example.net",
    "profissao": "FpCPbfHAWNRbrTsjNskx",
    "sexo": "F",
    "endereco": 42
  }
},
{
  "model": "clientes.cliente",
  "pk": 51,
  "fields": {
    "nome": "cEfliREsGppPdHMhZclK",
    "data_nascimento": "1990-11-30",
    "email": "rick46@example.org",
    "profissao": "jwettKOEYxhmJbSaqCEn",
    "sexo": "N",
    "endereco": 43
  }
},
{
  "model": "clientes.cliente",
  "pk": 52,
  "fields": {
    "nome": "dGmaEHFNKXSoySxWWDpm",
    "data_nascimento": "2013-05-19",
    "email": "maldonadojeanne@example.org",
    "profissao": "EjsdzDMOLgyuBsmrLmbb",
    "sexo": "M",
    "endereco": 44
  }
},
{
  "model": "clientes.cliente",
  "pk": 53,
  "fields": {
    "nome": "erSieXzVazeUCUejifUQ",
    "data_nascimento": "2012-07-05",
    "email": "ryanvance@example.net",
    "profissao": "xosTpLlreWgcddtaqHfh",
    "sexo": "F",
    "endereco": 45
  }
},
{
  "model": "clientes.cliente",
  "pk": 54,
  "fields": {
    "nome": "uoQDStOeSIcwnfHvsMEy",
    "data_nascimento": "2020-05-02",
    "email": "franklin05@example.net",
    "profissao": "wTanCYERhJLmTYvBgqEr",
    "sexo": "M",
    "endereco": 46
  }
},
{
  "model": "clientes.cliente",
  "pk": 55,
  "fields": {
    "nome": "TLbmpAdOCtzuzjUEEkOl",
    "data_nascimento": "1990-02-17",
    "email": "carlahampton@example.com",
    "profissao": "TzSCGfmucwNMuqctLpiQ",
    "sexo": "N",
    "endereco": 47
  }
},
{
  "model": "clientes.cliente",
  "pk": 56,
  "fields": {
    "nome": "FaYgkCeWRLXvKQYhVKPJ",
    "data_nascimento": "2008-09-09",
    "email": "edwinneal@example.com",
    "profissao": "CvEzMBQIgTCIKSLcNKHG",
    "sexo": "N",
    "endereco": 48
  }
},
{
  "model": "clientes.cliente",
  "pk": 57,
  "fields": {
    "nome": "yKROyuGRfoWMWQHtDLtQ",
    "data_nascimento": "2007-12-22",
    "email": "psingleton@example.com",
    "profissao": "gEkxgPtFlSdjcyHAJFbm",
    "sexo": "N",
    "endereco": 49
  }
},
{
  "model": "clientes.cliente",
  "pk": 58,
  "fields": {
    "nome": "hNMOSESPNRWudTGhbdSJ",
    "data_nascimento": "2020-09-03",
    "email": "susan34@example.net",
    "profissao": "RrPOnAmVTCJDJRjRXfob",
    "sexo": "M",
    "endereco": 50
  }
},
{
  "model": "clientes.cliente",
  "pk": 59,
  "fields": {
    "nome": "mMHvMwARxtNyUYbNXlMN",
    "data_nascimento": "1999-03-31",
    "email": "candicerusso@example.org",
    "profissao": "OEaqyGKUcLlkJKDpChiI",
    "sexo": "F",
    "endereco": 51
  }
},
{
  "model": "clientes.cliente",
  "pk": 60,
  "fields": {
    "nome": "mjdRwQbbsPwstnrwQsuG",
    "data_nascimento": "1996-05-30",
    "email": "marc82@example.org",
    "profissao": "wAppRWvpscBqdvthCMLd",
    "sexo": "F",
    "endereco": 52
  }
},
{
  "model": "clientes.cliente",
  "pk": 61,
  "fields": {
    "nome": "rvXzXFvZrqlDVDEwgxsy",
    "data_nascimento": "1983-04-01",
    "email": "ehouston@example.net",
    "profissao": "ZwwKrETgEJcXYAmqwjSg",
    "sexo": "N",
    "endereco": 53
  }
},
{
  "model": "clientes.cliente",
  "pk": 62,
  "fields": {
    "nome": "BCzsnwceNzcXrEQsPENJ",
    "data_nascimento": "1987-02-20",
    "email": "kelliewaters@example.net",
    "profissao": "dGekgnjXSBBENobLbntz",
    "sexo": "N",
    "endereco": 54
  }
},
{
  "model": "clientes.cliente",
  "pk": 63,
  "fields": {
    "nome": "lXXHTgfiUNfkvdCkoxgL",
    "data_nascimento": "2000-05-15",
    "email": "qmueller@example.org",
    "profissao": "dghKACgLgSsiSNqiwpvP",
    "sexo": "F",
    "endereco": 55
  }
},
{
  "model": "clientes.cliente",
  "pk": 64,
  "fields": {
    "nome": "CwhJZkVwOSymFfSPfEFK",
    "data_nascimento": "1979-01-18",
    "email": "powersedward@example.com",
    "profissao": "YbTjRYGwfWKKLcUtFIGw",
    "sexo": "M",
    "endereco": 56
  }
},
{
  "model": "clientes.cliente",
  "pk": 65,
  "fields": {
    "nome": "yMNUaOLwvnLOAFWWISUH",
    "data_nascimento": "1985-12-22",
    "email": "fernando02@example.net",
    "profissao": "NZhEINclqNIbFLsUxSqN",
    "sexo": "F",
    "endereco": 57
  }
},
{
  "model": "clientes.cliente",
  "pk": 66,
  "fields": {
    "nome": "gpwPFhlpTwUdVkglsuMi",
    "data_nascimento": "1978-09-25",
    "email": "rhondahebert@example.net",
    "profissao": "EnZbxkNaiFZDZrfBFUfG",
    "sexo": "F",
    "endereco": 58
  }
},
{
  "model": "clientes.cliente",
  "pk": 67,
  "fields": {
    "nome": "DLCcGYWJuhkLMkavSRYq",
    "data_nascimento": "2018-11-15",
    "email": "danieltim@example.com",
    "profissao": "mKSMsocjlxNNNPEQkoXh",
    "sexo": "M",
    "endereco": 59
  }
},
{
  "model": "clientes.cliente",
  "pk": 68,
  "fields": {
    "nome": "LNewjryXkARNKFjewQDy",
    "data_nascimento": "2020-04-26",
    "email": "weaverjudith@example.net",
    "profissao": "jpLidamQifUIeCjbPPDd",
    "sexo": "F",
    "endereco": 60
  }
},
{
  "model": "clientes.cliente",
  "pk": 69,
  "fields": {
    "nome": "SeyaijpowIHyRwpBoskL",
    "data_nascimento": "2005-11-10",
    "email": "jamesmcguire@example.com",
    "profissao": "EvmpvQTVomDyUvawnRYm",
    "sexo": "N",
    "endereco": 61
  }
},
{
  "model": "clientes.cliente",
  "pk": 70,
  "fields": {
    "nome": "HbvzOZlfpCICwxVxjwEg",
    "data_nascimento": "2001-06-10",
    "email": "chamberscameron@example.net",
    "profissao": "qoKjgVNoQjVIdePrcSnv",
    "sexo": "F",
    "endereco": 62
  }
},
{
  "model": "clientes.cliente",
  "pk": 71,
  "fields": {
    "nome": "qwpDVRtWYFamSsXfoOMk",
    "data_nascimento": "1978-03-05",
    "email": "charlene80@example.net",
    "profissao": "RrFgjwqUpEgjtGxlpAeW",
    "sexo": "F",
    "endereco": 63
  }
},
{
  "model": "clientes.cliente",
  "pk": 72,
  "fields": {
    "nome": "jcrpYqCPausqDoHwunMc",
    "data_nascimento": "1981-04-23",
    "email": "alejandrocampbell@example.com",
    "profissao": "VMWfcyYUYzajqesDzVOq",
    "sexo": "F",
    "endereco": 64
  }
},
{
  "model": "clientes.cliente",
  "pk": 73,
  "fields": {
    "nome": "yAJjjFbHmxSGYycznvrf",
    "data_nascimento": "1974-08-01",
    "email": "rachelwaller@example.com",
    "profissao": "XpOWLWPBTeMvEJpLDyOX",
    "sexo": "M",
    "endereco": 65
  }
},
{
  "model": "clientes.cliente",
  "pk": 74,
  "fields": {
    "nome": "VacDLKjbJwIyVgEZFGoI",
    "data_nascimento": "2001-08-26",
    "email": "glennstark@example.com",
    "profissao": "QTACiPXYvwsXwnofzojw",
    "sexo": "N",
    "endereco": 66
  }
},
{
  "model": "clientes.cliente",
  "pk": 75,
  "fields": {
    "nome": "WWdoOnqJBJxHvMrWuwKW",
    "data_nascimento": "1990-06-26",
    "email": "burkelarry@example.com",
    "profissao": "vsrYeOZeepVCmxlFPTfN",
    "sexo": "M",
    "endereco": 67
  }
},
{
  "model": "clientes.cliente",
  "pk": 76,
  "fields": {
    "nome": "wGOcEqVJtppolhsUXQUv",
    "data_nascimento": "1996-02-05",
    "email": "gilbertlydia@example.net",
    "profissao": "HisyWdURIrrHGmNZqMxs",
    "sexo": "F",
    "endereco": 68
  }
},
{
  "model": "clientes.cliente",
  "pk": 77,
  "fields": {
    "nome": "QuBBVujetQOMbhGRTXyz",
    "data_nascimento": "2001-08-04",
    "email": "kruegercody@example.com",
    "profissao": "gCkfbOaivXOtlYqvgnoA",
    "sexo": "F",
    "endereco": 69
  }
},
{
  "model": "clientes.cliente",
  "pk": 78,
  "fields": {
    "nome": "TVGWkjLIGdxGgWPjroFc",
    "data_nascimento": "1976-12-13",
    "email": "pamela52@example.com",
    "profissao": "kgQYjLVeHABctJcHYJgA",
    "sexo": "M",
    "endereco": 70
  }
},
{
  "model": "clientes.cliente",
  "pk": 79,
  "fields": {
    "nome": "sHLqkneBVawNZZYRCHOg",
    "data_nascimento": "2000-08-03",
    "email": "wallsriley@example.org",
    "profissao": "OrfqPCWMmxLZqgDjuviw",
    "sexo": "M",
    "endereco": 71
  }
},
{
  "model": "clientes.cliente",
  "pk": 80,
  "fields": {
    "nome": "nGuLAaXteFSZbjQYZzjg",
    "data_nascimento": "1996-06-24",
    "email": "sierra87@example.com",
    "profissao": "gxjJsTzSnvBmPOiajAoz",
    "sexo": "N",
    "endereco": 72
  }
},
{
  "model": "clientes.cliente",
  "pk": 81,
  "fields": {
    "nome": "fnFxcCSgOnVxMfWIXzTP",
    "data_nascimento": "1991-07-20",
    "email": "fclayton@example.org",
    "profissao": "VbWtLfpTXyNvxSRkNKyg",
    "sexo": "F",
    "endereco": 73
  }
},
{
  "model": "clientes.cliente",
  "pk": 82,
  "fields": {
    "nome": "zruGZFNAyvAKfecOUbir",
    "data_nascimento": "1972-10-14",
    "email": "georgeaustin@example.org",
    "profissao": "TaeCYAGtLLEmxdYpkHTg",
    "sexo": "N",
    "endereco": 74
  }
},
{
  "model": "clientes.cliente",
  "pk": 83,
  "fields": {
    "nome": "fMylwYyHKkNFTirShESk",
    "data_nascimento": "2008-08-26",
    "email": "thobbs@example.net",
    "profissao": "tkhGOkPuoQRXakKbtuEQ",
    "sexo": "N",
    "endereco": 75
  }
},
{
  "model": "clientes.cliente",
  "pk": 84,
  "fields": {
    "nome": "JXaapupCJcPlnPiNuIxQ",
    "data_nascimento": "1974-03-27",
    "email": "youngyesenia@example.net",
    "profissao": "DSWTgvJvyKZSbPVtsqbJ",
    "sexo": "F",
    "endereco": 76
  }
},
{
  "model": "clientes.cliente",
  "pk": 85,
  "fields": {
    "nome": "NcwXsiTxfqHGcefjkqbZ",
    "data_nascimento": "2021-03-01",
    "email": "antonio68@example.org",
    "profissao": "dcauGmFDRonqAhPUskkW",
    "sexo": "F",
    "endereco": 77
  }
},
{
  "model": "clientes.cliente",
  "pk": 86,
  "fields": {
    "nome": "CsDEVRNSCpFTNHZytjup",
    "data_nascimento": "2021-07-04",
    "email": "wrivera@example.org",
    "profissao": "WWbMRFMYnWdFRDgzxiqE",
    "sexo": "M",
    "endereco": 78
  }
},
{
  "model": "clientes.cliente",
  "pk": 87,
  "fields": {
    "nome": "HPzMxrduTehCDFmpawka",
    "data_nascimento": "1973-12-25",
    "email": "evanhatfield@example.com",
    "profissao": "RenZwGqjveawFhsspIEL",
    "sexo": "M",
    "endereco": 79
  }
},
{
  "model": "clientes.cliente",
  "pk": 88,
  "fields": {
    "nome": "jqFVcCudMfMHJaLcxNIW",
    "data_nascimento": "2003-03-23",
    "email": "carlaphillips@example.net",
    "profissao": "PAADAQaSkCAhIIZfzsPX",
    "sexo": "N",
    "endereco": 80
  }
},
{
  "model": "clientes.cliente",
  "pk": 89,
  "fields": {
    "nome": "SLtdoVxsHmjZDExveMBa",
    "data_nascimento": "1987-09-15",
    "email": "qburke@example.org",
    "profissao": "vgzLUggjLMbsbIaACtzL",
    "sexo": "N",
    "endereco": 81
  }
},
{
  "model": "clientes.cliente",
  "pk": 90,
  "fields": {
    "nome": "PUuoSbSSqUfmPLdoGBRF",
    "data_nascimento": "1989-03-02",
    "email": "rita16@example.com",
    "profissao": "BxdtAQUEOnMnomUZzIou",
    "sexo": "F",
    "endereco": 82
  }
},
{
  "model": "clientes.cliente",
  "pk": 91,
  "fields": {
    "nome": "qnLVchhBEegsDWcVCadC",
    "data_nascimento": "2015-07-18",
    "email": "lynnrandall@example.org",
    "profissao": "oowcslDDkuKqAAHUlvev",
    "sexo": "M",
    "endereco": 83
  }
},
{
  "model": "clientes.cliente",
  "pk": 92,
  "fields": {
    "nome": "GYkxcIRlOJDOCETnbBBr",
    "data_nascimento": "1970-11-09",
    "email": "barnettkerry@example.org",
    "profissao": "LgbvpNcPLCumqnxdktfz",
    "sexo": "M",
    "endereco": 84
  }
},
{
  "model": "clientes.cliente",
  "pk": 93,
  "fields": {
    "nome": "TxEkfGDhIrTxDZvBjsiu",
    "data_nascimento": "2007-04-09",
    "email": "yjefferson@example.com",
    "profissao": "QeAQrghfyOuzTwsBKIvR",
    "sexo": "N",
    "endereco": 85
  }
},
{
  "model": "clientes.cliente",
  "pk": 94,
  "fields": {
    "nome": "MykzIDRTfUMSUsowvrer",
    "data_nascimento": "1998-12-26",
    "email": "bonillalorraine@example.net",
    "profissao": "YvHaJvPRObVtIwAcWDIU",
    "sexo": "F",
    "endereco": 86
  }
},
{
  "model": "clientes.cliente",
  "pk": 95,
  "fields": {
    "nome": "IltoFOcVJvLPSiJbjGcf",
    "data_nascimento": "1972-12-10",
    "email": "cookhayley@example.net",
    "profissao": "xMqnWDiwFeaozUEYrHoK",
    "sexo": "M",
    "endereco": 87
  }
},
{
  "model": "clientes.cliente",
  "pk": 96,
  "fields": {
    "nome": "WbOawzJcqshwnynJufkj",
    "data_nascimento": "2007-05-29",
    "email": "scottbush@example.org",
    "profissao": "TVCmfLabFMGaVZSyEOWJ",
    "sexo": "F",
    "endereco": 88
  }
},
{
  "model": "clientes.cliente",
  "pk": 97,
  "fields": {
    "nome": "URVoUjMgZHdkVrvqDVvh",
    "data_nascimento": "2001-07-05",
    "email": "howardoneal@example.org",
    "profissao": "SkCCSIRcrxJnVivllhug",
    "sexo": "N",
    "endereco": 89
  }
},
{
  "model": "clientes.cliente",
  "pk": 98,
  "fields": {
    "nome": "RzVqyHElIWzkBImMWIvH",
    "data_nascimento": "1993-05-17",
    "email": "cbarnes@example.com",
    "profissao": "okBxfOpVNbZiZurnEjel",
    "sexo": "F",
    "endereco": 90
  }
},
{
  "model": "clientes.cliente",
  "pk": 99,
  "fields": {
    "nome": "xfDnPVILgErrgPiNRItq",
    "data_nascimento": "1986-06-02",
    "email": "adickerson@example.com",
    "profissao": "wDMevzFgeKnKXlTBgajl",
    "sexo": "N",
    "endereco": 91
  }
},
{
  "model": "clientes.cliente",
  "pk": 100,
  "fields": {
    "nome": "hKPjipfkuFjOVBjPHBWt",
    "data_nascimento": "1999-10-10",
    "email": "savannah28@example.net",
    "profissao": "NYKMofSrkuEsWlRDwfRp",
    "sexo": "F",
    "endereco": 92
  }
},
{
  "model": "clientes.cliente",
  "pk": 101,
  "fields": {
    "nome": "vAGlEChsGnITJwEbaUnK",
    "data_nascimento": "2011-03-12",
    "email": "codom@example.org",
    "profissao": "qakbcCvlfMLLkLSEOmRN",
    "sexo": "F",
    "endereco": 93
  }
},
{
  "model": "clientes.cliente",
  "pk": 102,
  "fields": {
    "nome": "BvRlbWwiarvUjpinWGEE",
    "data_nascimento": "1986-02-09",
    "email": "molly09@example.net",
    "profissao": "mmBQFKXYkChzNAEqCufZ",
    "sexo": "F",
    "endereco": 94
  }
},
{
  "model": "clientes.cliente",
  "pk": 103,
  "fields": {
    "nome": "GAFxyUDhLLrFdPGryWBt",
    "data_nascimento": "1982-08-05",
    "email": "wschroeder@example.net",
    "profissao": "vNsbUCztSnVovIkSmEhY",
    "sexo": "M",
    "endereco": 95
  }
},
{
  "model": "clientes.cliente",
  "pk": 104,
  "fields": {
    "nome": "PRqdGYyGRUTAYWunFEhT",
    "data_nascimento": "1979-01-30",
    "email": "wyattbrandy@example.net",
    "profissao": "jypYbGPuDfwAsnkTtDKN",
    "sexo": "N",
    "endereco": 96
  }
},
{
  "model": "clientes.cliente",
  "pk": 105,
  "fields": {
    "nome": "rvmanNsovMETUAhtngas",
    "data_nascimento": "2011-10-17",
    "email": "aoconnell@example.com",
    "profissao": "NNeAkgrGlSvnISKGExgd",
    "sexo": "F",
    "endereco": 97
  }
},
{
  "model": "clientes.cliente",
  "pk": 106,
  "fields": {
    "nome": "jPAzVyaBJrnTNaPPcnEQ",
    "data_nascimento": "2018-10-13",
    "email": "oirwin@example.net",
    "profissao": "tcRnPBsNoTfDOISwfvKj",
    "sexo": "F",
    "endereco": 98
  }
},
{
  "model": "clientes.cliente",
  "pk": 107,
  "fields": {
    "nome": "HmppSlXIkWgwoTSOpECE",
    "data_nascimento": "1981-07-03",
    "email": "levi76@example.org",
    "profissao": "fZgRzAziXimUvjumcuKy",
    "sexo": "N",
    "endereco": 99
  }
},
{
  "model": "clientes.cliente",
  "pk": 108,
  "fields": {
    "nome": "ghwSzvIilNLBGCDQkQkn",
    "data_nascimento": "1984-10-08",
    "email": "whitekerri@example.com",
    "profissao": "NusrsSOqXbfzDuGPhiOh",
    "sexo": "M",
    "endereco": 100
  }
},
{
  "model": "clientes.cliente",
  "pk": 109,
  "fields": {
    "nome": "yEUCutsAPDzvEgGnWazk",
    "data_nascimento": "1987-01-02",
    "email": "tyler51@example.org",
    "profissao": "CQRIJWSGvzwbGkPFcNYO",
    "sexo": "M",
    "endereco": 101
  }
},
{
  "model": "clientes.cliente",
  "pk": 110,
  "fields": {
    "nome": "eWiohXwRQCViaCOQhNqY",
    "data_nascimento": "1994-09-07",
    "email": "crosbyrobyn@example.org",
    "profissao": "EbYwmpjfsgjAiaxrZbWE",
    "sexo": "M",
    "endereco": 102
  }
},
{
  "model": "clientes.cliente",
  "pk": 111,
  "fields": {
    "nome": "eoDtbWRvvJWfmCawdiuX",
    "data_nascimento": "2004-02-26",
    "email": "kerrilandry@example.com",
    "profissao": "zrgjzyaXwvonjoWlTLYT",
    "sexo": "F",
    "endereco": 103
  }
},
{
  "model": "clientes.cliente",
  "pk": 112,
  "fields": {
    "nome": "exEujrdMEcSkHFGkBVxG",
    "data_nascimento": "1999-06-14",
    "email": "carolmiranda@example.net",
    "profissao": "cBMgtmynmsYMCNqpXzbb",
    "sexo": "M",
    "endereco": 104
  }
}
]
